,1,2,3,4,5,6,7,8,9,10,11,12,13,14,15,16,17,18,19,20,21,22,23,24,25,30,31,32,33,34,35,36,37,38,39,40
1,2.17901,0.380026,0.427653,0.00199402,0.256918,0.494598,0.00199402,0.290526,0.68439,0.00199402,0.00199402,0.36123,0.0741019,0.285793,0.373878,0.13539,0.00199402,0.0653834,0.279868,0.00199402,1.10332,1.02164,0.00199402,0.344174,0.00199402,0.00199402,0.00199402,0.00199402,0.586976,0.877046,0.26279,0.00199402,0.00199402,0.00199402,0.561037,0.00199402
2,0.523301,2.16933,0.352076,0.00786864,0.207877,0.2613,0.253437,0.711577,0.685261,0.105383,0.252047,0.437194,0.314277,0.00167645,1.57267,0.0560788,0.14799,0.139034,0.00167645,0.00167645,2.57925,1.32447,0.572734,0.00167645,0.00167645,0.451394,0.774059,0.454206,0.0615245,0.640619,0.294188,0.310102,0.00167645,0.00167645,0.0301141,1.43024
3,0.677722,0.449142,1.706,0.154126,0.00129955,0.195487,0.220365,0.00129955,0.385598,1.45315,0.915595,0.27675,0.00129955,0.051039,0.233877,0.0306843,0.837866,0.0302521,0.0096124,0.141524,0.448337,0.00129955,0.00129955,0.0892631,5.37488,0.0705755,0.819059,0.486735,0.324622,0.391579,0.47567,0.229465,0.00129955,0.226273,0.00129955,0.885776
4,1.26429,0.491339,0.15488,1.78087,0.100474,0.247494,0.464371,0.0561343,0.63802,4.89002,0.219979,0.510885,0.516774,0.498283,0.453476,0.685703,0.329713,0.415956,0.237547,0.127168,1.32871,0.18714,0.00154799,0.586054,0.00154799,0.346228,0.00154799,0.00154799,2.24003,0.970428,0.444081,0.363015,0.00154799,1.19386,0.599149,0.632541
5,0.00520833,1.05996,0.216816,0.00520833,3.39315,1.34045,0.735563,1.40059,0.850716,0.00520833,0.384801,0.432497,0.236361,0.0711925,0.514919,0.153376,0.395309,0.321679,0.00520833,0.00520833,0.711501,0.394552,0.00520833,0.21273,0.00520833,0.00520833,0.00520833,0.00520833,0.00520833,0.00520833,0.00520833,0.00520833,0.00520833,0.00520833,0.00520833,0.00520833
6,0.4808,0.401506,0.680393,0.00389864,0.664808,2.83208,2.42444,3.06265,0.366361,0.00389864,0.0627525,0.448373,0.532367,0.114907,0.541523,0.0616462,0.122124,0.36151,0.00389864,0.00389864,1.40644,1.06857,0.00389864,0.77116,0.00389864,0.00389864,0.00389864,0.00389864,0.00389864,0.00389864,3.01828,0.499498,0.00389864,0.00389864,0.40662,0.00389864
7,2.02093,1.21615,0.519915,0.00377358,0.781305,8.62028,1.4178,1.37095,0.22909,0.00377358,0.437048,0.713727,0.119058,0.0585042,0.874324,0.650336,0.0648994,0.063124,0.691361,0.271504,0.00377358,1.48505,0.727814,0.453244,0.00377358,0.00377358,0.00377358,0.00377358,0.00377358,0.327628,1.68846,0.640089,0.00377358,0.00377358,2.70789,0.596282
8,0.213093,0.516657,0.521826,0.003003,1.89601,3.21517,1.10816,2.75233,0.145493,0.003003,0.887862,0.660224,0.177708,0.223223,0.82423,0.544867,0.124324,0.030825,0.003003,0.307977,5.03955,0.35127,0.003003,0.205454,1.02199,0.003003,0.003003,0.003003,2.35131,0.003003,0.966484,0.003003,0.003003,0.99571,0.332541,0.003003
9,0.258786,0.263458,0.235851,0.00262467,0.0842783,0.757372,0.240906,0.335988,5.06604,0.00262467,1.7444,0.326873,0.211523,0.122585,0.652368,0.377936,0.523203,0.124748,0.179691,0.253454,1.18132,1.39534,0.0837272,0.106484,0.00262467,0.00262467,2.26626,0.00262467,0.00262467,1.27896,0.893714,0.00262467,0.00262467,0.00262467,0.697587,1.81767
10,0.235509,0.10333,0.329178,0.283564,0.0034188,0.081736,0.0555361,0.755503,0.0034188,13.7277,0.960017,0.140567,0.646483,0.580482,0.178269,0.473385,0.070527,0.0034188,0.0954731,0.118396,0.429489,0.387215,0.0034188,0.299524,0.0034188,0.483231,0.0034188,1.06282,0.0034188,1.01275,0.271075,0.63531,1.09365,0.251745,0.41941,2.389
11,0.398088,0.0196393,1.93169,0.131679,0.52102,0.217877,0.448116,0.213057,0.188519,0.00109589,11.6707,0.0953886,0.138708,0.118258,0.917795,0.0115778,0.0438159,0.211957,0.167091,0.402939,4.10099,0.317769,0.00109589,0.249253,0.00109589,0.00109589,0.00109589,0.00109589,0.671979,0.00109589,0.907793,0.314733,0.00109589,0.00109589,0.0686298,0.00109589
12,0.0077821,0.466321,0.0077821,0.0077821,0.339852,0.693551,0.647026,1.35914,0.947228,0.0077821,0.175326,2.5812,1.03382,0.689446,1.77407,0.826091,0.328019,0.43064,0.0077821,0.101288,2.32209,1.30737,0.0077821,0.0077821,0.0077821,0.0077821,0.0077821,1.53813,0.0077821,0.0077821,2.65524,0.222771,3.94599,0.534545,0.566616,0.0635226
13,0.00938967,0.00938967,0.191035,0.132509,0.00938967,0.376806,0.292426,0.227811,1.32796,0.00938967,1.02518,0.285314,3.04284,2.11542,1.94799,0.426049,0.249742,0.377706,0.00938967,1.80045,0.00938967,0.574713,0.00938967,0.417658,0.00938967,0.00938967,0.00938967,0.00938967,0.00938967,0.00938967,0.00938967,0.00938967,0.00938967,0.00938967,0.289839,3.86199
14,0.0744069,0.110682,1.02014,0.0308896,0.172521,0.0190667,0.0861253,0.061813,0.061898,0.00130804,0.193434,0.39579,1.51613,2.44707,1.54251,0.505539,0.47298,0.331821,0.392914,0.290172,1.38429,1.57275,0.00130804,0.127321,0.00130804,0.00130804,0.00130804,0.00130804,0.00130804,3.07659,0.00130804,0.00130804,0.00130804,0.00130804,0.00130804,0.00130804
15,0.00214133,0.4999,0.00214133,0.00214133,0.00214133,0.0469447,0.152401,0.174725,0.103879,0.00214133,3.88357,0.245493,1.19495,0.810096,4.16001,0.692389,0.121406,0.0533413,0.31132,0.488185,0.00214133,0.414257,0.0950502,1.19646,0.504127,0.00214133,0.00214133,0.00214133,0.00214133,0.00214133,2.3002,0.00214133,0.00214133,0.00214133,0.22301,2.56221
16,0.675356,0.481055,0.623609,0.0656755,0.0983799,0.490846,0.108614,0.113122,0.201457,0.00131406,1.07517,0.549926,0.734966,0.394657,1.93858,1.65458,0.837047,0.476887,0.15837,0.00131406,2.27449,1.63091,0.076311,0.481812,0.260368,0.00131406,0.436037,0.00131406,0.603903,0.00131406,1.34296,0.00131406,0.00131406,0.00131406,0.138429,0.224666
17,1.21498,0.833741,0.146658,0.456539,0.0880839,0.549648,0.142721,0.152773,0.262273,0.00131666,1.01999,0.426163,0.849633,0.71329,0.694093,1.1292,1.70894,0.253712,0.00131666,0.00131666,0.901156,0.239875,0.00131666,0.125289,0.128896,0.00131666,4.67229,0.00131666,0.00131666,0.558144,0.323223,0.00131666,0.00131666,0.00131666,1.20574,0.00131666
18,0.315543,0.123694,0.649259,0.0174803,0.00664452,0.00664452,0.00664452,0.00664452,0.0668742,0.00664452,1.02656,0.379332,0.217874,0.275546,1.22556,0.735459,0.563943,3.72636,0.15001,0.00664452,1.10749,0.818377,0.00664452,0.462893,2.24739,0.00664452,0.00664452,0.00664452,0.00664452,0.00664452,0.00664452,0.215931,0.00664452,0.00664452,0.14797,0.248434
19,1.75659,0.26757,0.104008,0.0617486,0.00217865,0.00217865,0.00217865,0.00217865,0.440739,0.147815,1.10833,0.362657,0.593872,0.00217865,1.20652,1.5992,0.164152,0.117272,1.89461,0.327679,0.240348,0.953835,0.460428,0.00217865,0.00217865,0.830455,1.31462,1.88218,0.00217865,0.00217865,0.563712,0.426806,0.0756887,0.249553,0.524174,1.15794
20,0.00682594,0.882812,0.00682594,0.00682594,0.00682594,0.00682594,1.403,0.00682594,0.00682594,0.00682594,0.00682594,1.19545,0.00682594,0.177577,0.00682594,0.00682594,0.177534,0.00682594,0.823815,1.52414,0.801262,0.65423,0.341956,0.00682594,0.00682594,0.00682594,0.00682594,0.0398848,0.00682594,0.00682594,0.948454,0.380224,0.643651,0.336356,0.00682594,0.00682594
21,0.00241546,0.557279,0.00241546,0.00241546,0.00241546,0.87201,0.00241546,0.00241546,1.02744,0.16846,0.884405,0.227826,0.170658,0.00241546,1.30767,0.114122,0.00241546,0.368996,0.10248,0.163189,4.32889,0.756241,0.00241546,0.00241546,0.00241546,0.00241546,0.00241546,1.00057,0.00241546,0.00241546,1.06236,0.251721,0.00241546,0.0763139,0.00241546,0.3026
22,0.107313,0.473903,0.00200803,0.158111,0.581984,0.159669,0.455587,0.141086,0.0772557,0.360802,0.305695,0.363329,0.0884028,0.109901,0.612056,0.324213,0.04403,0.363582,0.428682,0.474501,0.678629,3.5477,0.00200803,0.236991,0.955117,0.00200803,0.00200803,0.900839,0.00200803,0.732341,0.289756,0.57552,0.790359,0.0203897,0.815339,0.87095
23,0.00400802,0.00400802,0.227721,0.00400802,0.00400802,0.459752,0.00400802,0.00400802,0.00400802,0.00400802,0.706944,0.780679,0.338957,0.604673,0.699193,0.671372,0.383164,0.260826,0.512389,0.00400802,0.00400802,0.426264,2.28242,0.465672,1.18588,0.00400802,0.00400802,0.00400802,0.00400802,0.00400802,0.00400802,0.529027,0.00400802,0.00400802,0.532569,0.995137
24,0.00492611,0.00492611,0.00492611,0.00492611,0.00492611,0.00492611,0.00492611,0.00492611,0.420162,0.00492611,0.00492611,0.47722,0.0597501,0.830298,1.59635,0.269012,0.0616825,0.0118668,0.00492611,0.00492611,0.00492611,0.290384,0.0674873,3.09756,0.613904,0.00492611,0.00492611,0.00492611,0.00492611,0.00492611,0.00492611,0.00492611,0.00492611,0.00492611,0.247737,0.19506
25,0.0102041,5.06456,0.0102041,0.0102041,0.0102041,0.0102041,0.0102041,0.0102041,0.0102041,0.0102041,0.0102041,0.0102041,0.0102041,0.3428,0.710934,0.106741,0.252596,0.0102041,0.0102041,4.46589,0.0102041,0.173018,0.250506,0.119536,3.20476,0.0102041,0.0102041,0.0102041,0.0102041,0.0102041,0.0102041,0.561369,0.0102041,0.0102041,0.547841,0.119774
30,0.613646,0.0539489,0.131068,0.320085,0.626181,0.0041841,0.0041841,4.90337,0.544567,0.851303,3.29701,0.112374,0.363617,0.0041841,1.27146,0.467646,0.240016,0.385366,0.105525,0.371199,1.35998,0.666087,0.0041841,1.61873,0.0041841,2.25878,0.294799,0.0041841,0.249313,0.0041841,0.794719,0.770958,0.0041841,0.0041841,2.06507,0.0041841
31,0.00515464,0.00515464,0.00515464,0.00515464,0.00515464,0.00515464,0.00515464,0.00515464,0.00515464,0.00515464,0.00515464,0.00515464,0.00515464,0.00515464,0.00515464,0.00515464,0.00515464,0.00515464,0.00515464,0.00515464,1.599,0.00515464,0.00515464,0.00515464,0.00515464,0.00515464,1.6352,0.353579,0.157678,0.120369,0.274964,0.00515464,0.581444,0.00515464,0.00515464,0.00515464
32,0.00362319,0.00362319,0.308621,0.00362319,0.00362319,0.00362319,0.00362319,0.00362319,0.00362319,0.00362319,0.00362319,0.00362319,0.00362319,0.5131,0.00362319,0.00362319,0.00362319,0.00362319,0.00362319,0.00362319,0.00362319,0.00362319,0.00362319,0.00362319,0.00362319,0.0204629,0.560523,1.68976,0.400482,0.00362319,0.16364,0.00362319,0.00362319,0.00362319,0.00362319,1.28499
33,0.78569,1.74076,0.657289,0.00729927,0.00729927,0.00729927,0.00729927,0.00729927,0.00729927,0.00729927,0.00729927,0.447222,0.00729927,0.00729927,0.00729927,0.00729927,0.00729927,0.00729927,0.00729927,0.00729927,0.00729927,0.00729927,0.00729927,0.00729927,0.00729927,0.00729927,0.703903,0.704837,1.36638,0.473192,0.431724,0.00729927,0.00729927,0.00729927,0.00729927,0.00729927
34,0.609348,0.0927837,0.19634,0.103259,0.00197239,0.00197239,0.00197239,0.00197239,0.00197239,0.00197239,0.00197239,0.135705,0.310886,0.247248,0.44429,0.162752,0.00197239,0.0864303,0.132207,0.00197239,0.385031,0.668468,0.00197239,0.00197239,0.00197239,0.00197239,0.150619,0.339188,0.395669,2.2343,0.00197239,0.00197239,0.00197239,0.00197239,0.00197239,0.999112
35,0.00158103,0.465726,0.29134,0.257929,0.00158103,0.00158103,0.00158103,0.00158103,0.511991,0.00158103,0.00158103,0.151063,0.00158103,0.00158103,0.00158103,0.00158103,0.00158103,0.118867,0.422322,0.00158103,0.499922,1.17964,0.00158103,0.00158103,0.00158103,0.00158103,0.510096,0.392202,0.196981,0.317455,1.47339,0.205652,0.316802,0.41002,0.00158103,0.224554
36,0.00177462,0.00177462,0.00177462,0.00177462,0.00177462,0.137889,0.00177462,0.00177462,0.00177462,0.00177462,0.327787,0.0548952,0.327569,0.00735363,0.29643,0.00177462,0.00177462,0.0111631,0.148689,0.0976781,0.773189,0.533177,0.00177462,0.0509813,0.00177462,0.322574,0.603901,1.80743,0.00177462,0.00177462,0.26199,1.7544,0.392656,0.159005,0.00177462,1.7816
37,0.00641026,0.00641026,0.00641026,0.00641026,0.00641026,0.00641026,0.00641026,0.00641026,0.00641026,0.00641026,0.00641026,1.05576,0.00641026,0.00641026,0.00641026,0.00641026,0.00641026,0.00641026,0.00641026,0.753369,1.82645,0.00641026,0.00641026,0.00641026,0.00641026,0.00641026,0.855592,0.00641026,0.00641026,0.00641026,0.433109,0.310603,1.33148,0.00641026,1.86324,0.00641026
38,0.00301659,0.00301659,0.00301659,0.00301659,0.00301659,0.00301659,0.00301659,0.00301659,0.00301659,0.00301659,0.00301659,0.468609,0.230238,0.00301659,0.79002,0.00301659,0.00301659,0.00301659,0.316239,0.00301659,0.394823,1.08644,0.00301659,0.00301659,0.01389,0.00301659,0.00301659,3.54197,0.00301659,0.00301659,0.64452,1.65214,0.521767,1.25857,0.935237,0.654582
39,0.00273973,0.00273973,0.00273973,0.00273973,0.00273973,1.15257,0.00273973,0.00273973,0.00273973,4.50233,0.00273973,0.0973507,0.374292,0.00273973,1.06616,0.476051,0.00273973,0.219626,0.00273973,0.00273973,0.00273973,0.340024,0.00273973,0.135545,0.471739,0.00273973,0.00273973,0.00273973,0.00273973,0.00273973,0.00273973,0.190237,0.00273973,0.0208121,2.09449,0.310067
40,0.00220994,0.00220994,0.00220994,0.00220994,0.00220994,1.15463,0.00220994,0.00220994,0.00220994,0.00220994,0.00220994,0.317265,0.195126,0.00220994,0.409362,0.136986,0.00220994,0.00220994,0.00220994,0.00220994,0.00220994,0.00220994,0.00220994,0.00220994,0.477165,0.00220994,0.00220994,0.00220994,0.00220994,0.00220994,0.00220994,0.00220994,0.00220994,0.0784165,0.35974,1.43761
