home_taz,sampled_persons_10,weighted_persons_10,weighted_trips_10,rate_10,sampled_persons_20,weighted_persons_20,weighted_trips_20,rate_20,rate_avg
0,,,,,1,67.4508,0,0,0
101,19,5161.54,5120.1,0.99197,20,5355.47,6140.32,1.14655,1.06926
102,5,775.268,610.284,0.787191,5,775.268,1270.22,1.63843,1.21281
104,21,4202.56,5081.7,1.20919,21,4202.56,5646.62,1.34361,1.2764
105,62,9233.22,9384.91,1.01643,63,9338.03,10795.7,1.15611,1.08627
106,42,6158.11,8042.23,1.30596,44,6497.74,9476.52,1.45843,1.3822
107,55,8086.56,5355.81,0.66231,55,8086.56,5253.42,0.649648,0.655979
108,71,7111.79,7624.26,1.07206,72,7172.15,5533.61,0.771542,0.9218
110,25,4061.58,1769.94,0.435776,24,3714.71,2116.81,0.569845,0.50281
111,20,4448.22,2131.28,0.479131,20,4448.22,2791.35,0.627521,0.553326
112,65,5863.55,4731.12,0.806869,65,5854.33,5046.73,0.862051,0.83446
114,18,2310.61,2684.49,1.16181,17,2197.39,2246.25,1.02224,1.09202
115,59,11595.6,9310.69,0.802952,60,11945.6,10132.8,0.848246,0.825599
116,48,7661.57,8363.31,1.09159,47,7552.32,6594.17,0.873132,0.982362
117,79,8808.65,7481.55,0.849341,77,8605.51,8189.58,0.951667,0.900504
118,20,4819.02,4241.73,0.880206,20,4819.02,4530.63,0.940156,0.910181
201,30,1033.01,1166.72,1.12944,29,1020.02,1243.87,1.21945,1.17445
202,21,3101.65,4101.31,1.3223,23,3284.57,4556.28,1.38718,1.35474
203,37,5387.96,2671.87,0.495896,35,4687.96,3369.44,0.718743,0.60732
204,2,569.683,0,0,2,569.683,0,0,0
205,17,2278.16,1736.65,0.762305,16,2187.55,1243.81,0.568585,0.665445
208,6,2100,1050,0.5,6,2100,1050,0.5,0.5
209,45,6092.81,4048.49,0.664471,45,6092.81,3522.15,0.578083,0.621277
210,23,5415.15,2602.64,0.480623,21,4824.17,2696.95,0.55905,0.519836
214,17,4486.01,1555.05,0.346644,17,4486.01,2228.66,0.496803,0.421724
215,60,8221.91,9594.41,1.16693,58,8007.98,7974.23,0.995786,1.08136
216,36,6268.32,5928.7,0.945819,36,6268.32,4597.36,0.733428,0.839624
217,21,1660.56,1486.33,0.895081,21,1660.56,1036.38,0.624113,0.759597
219,19,3160.07,2686.76,0.850223,18,2884.87,2675.63,0.927472,0.888848
220,34,4212.09,3276.42,0.777861,32,3856.04,3376.34,0.875599,0.82673
221,11,1787.62,1861.02,1.04106,12,1961.54,1861.02,0.948754,0.994909
222,26,6923.96,3943.3,0.569515,25,6874.5,3243.3,0.471787,0.520651
223,4,1012.85,0,0,3,724.851,724.851,1,0.5
224,2,402.096,603.144,1.5,2,402.096,201.048,0.5,1
225,12,4040.05,2990.05,0.740102,12,4040.05,2990.05,0.740102,0.740102
229,17,1018.64,1762.85,1.73059,17,1125.08,1270.76,1.12948,1.43004
230,26,7235.64,4261.22,0.588921,26,7235.64,3466.35,0.479066,0.533993
231,45,10373.1,8361.33,0.806056,45,10373.1,7637.11,0.736239,0.771148
232,5,1376.44,1050,0.762836,5,1376.44,1213.22,0.881418,0.822127
233,60,4621.82,3238.88,0.70078,60,4621.82,3470.27,0.750845,0.725812
235,21,6376.42,5756.31,0.90275,21,6376.42,4297.41,0.673953,0.788351
236,32,6741.25,5525.94,0.81972,32,6741.25,5479.61,0.812847,0.816284
239,22,6712.17,7518.66,1.12015,22,6712.17,6870.93,1.02365,1.0719
240,41,7880.81,6177.79,0.783902,40,7799.49,7000.24,0.897525,0.840714
242,33,8087.59,7107.44,0.878809,32,7815.06,6267.58,0.801987,0.840398
301,131,13810.5,8346.9,0.604386,129,13455.9,7242.56,0.538243,0.571315
303,15,4457.42,8049.07,1.80577,14,4260.24,6650,1.56095,1.68336
304,20,5865.22,6207.49,1.05836,19,5515.22,6597.34,1.19621,1.12728
305,65,906.58,953.135,1.05135,64,894.372,938.651,1.04951,1.05043
309,20,6866.78,6300,0.917461,18,6166.78,6650,1.07836,0.99791
310,34,5077.21,3473.64,0.684162,34,5077.21,3612.91,0.711594,0.697878
313,88,6679.35,5240.31,0.784554,86,6528.44,4725.81,0.723881,0.754218
314,59,16092.5,14116.2,0.877193,58,15742.5,15025.3,0.954443,0.915818
315,7,1622.74,0,0,6,1419.11,0,0,0
316,35,4902.1,3931.85,0.802076,34,4792.51,3979.89,0.830439,0.816257
317,34,6868.32,5577.62,0.812079,38,7453.08,6045.58,0.811151,0.811615
318,69,11521.8,7795.99,0.67663,68,11342.5,8444.94,0.744539,0.710585
321,11,405.406,262.01,0.646288,11,405.406,238.287,0.587773,0.617031
322,5,138.713,83.228,0.6,5,138.713,110.971,0.8,0.7
323,12,3818.76,3755.81,0.983515,12,3818.76,3872.4,1.01405,0.998781
324,9,3067.44,3026.16,0.986542,10,3202.12,3160.84,0.987108,0.986825
325,19,4396.3,1403.93,0.319343,18,4046.3,1403.93,0.346965,0.333154
326,13,2970.18,3671.39,1.23608,13,2970.18,2857.73,0.96214,1.09911
327,25,6267.66,5920.55,0.944619,25,6267.66,5464.19,0.871806,0.908213
328,5,1419.95,1734.72,1.22168,6,1580.78,1573.89,0.995644,1.10866
329,5,1261.38,2690.98,2.13337,5,1261.38,1833.22,1.45335,1.79336
331,14,4105.84,2996.14,0.729727,12,3405.84,3711.32,1.08969,0.909711
332,6,1735.45,1917.72,1.10503,6,1735.45,1567.72,0.903355,1.00419
334,59,6722.97,5753.3,0.855768,59,6664.23,5311.75,0.797054,0.826411
335,72,5752.06,4242.64,0.737587,71,5683.7,4677.53,0.822974,0.780281
336,47,9813.35,6544.75,0.666924,48,10172.8,6355.22,0.624726,0.645825
337,7,1918.44,1448.69,0.755142,8,2153.31,1393.83,0.647295,0.701219
338,17,5700.81,2284.54,0.400741,17,5700.81,2634.54,0.462135,0.431438
401,157,7515.03,5390.95,0.717356,157,7515.03,4914.21,0.653917,0.685636
402,180,8420.23,4477.4,0.531743,179,8386.25,4297.47,0.512442,0.522093
403,27,6519.51,4790.94,0.734863,27,6519.51,4647.49,0.712859,0.723861
404,86,6726.91,3552.78,0.528145,86,6726.91,5203.3,0.773506,0.650826
405,43,8620.41,4748.06,0.550793,43,8620.41,4748.06,0.550793,0.550793
406,13,4468.56,3123.15,0.698918,13,4468.56,4495.4,1.00601,0.852463
407,21,6780.44,2077.23,0.306356,21,6780.44,3718.46,0.54841,0.427383
408,61,4003.63,2100.81,0.524727,61,4003.63,2456.75,0.613632,0.569179
409,26,4373.14,3238.35,0.740509,26,4373.14,3238.35,0.740509,0.740509
411,98,7547.55,4478.03,0.593309,98,7547.55,4639.56,0.614711,0.60401
412,44,7217.28,3657.95,0.506832,44,7217.28,4202.23,0.582245,0.544539
413,18,4363.36,3292.27,0.754526,18,4363.36,2573.94,0.589899,0.672212
414,11,2763.07,2957.79,1.07047,11,2763.07,2373.62,0.859052,0.964763
415,69,16637.7,11622.6,0.698567,69,16637.7,9953.16,0.598229,0.648398
418,22,3249.18,852.691,0.262432,22,3249.18,2512.17,0.773171,0.517802
419,42,5181.2,1774.83,0.342552,42,5181.2,3243.39,0.625993,0.484273
420,5,123.857,123.857,1,5,123.857,123.857,1,1
421,44,6562.51,4841.77,0.737792,44,6562.51,4940.74,0.752873,0.745333
422,60,9606.33,6745.87,0.702232,60,9606.33,5186.1,0.539863,0.621048
501,82,8733.76,7552.5,0.864748,83,8649.17,6902.14,0.798012,0.83138
503,23,3651.3,2784.95,0.76273,20,3340.38,3823.39,1.1446,0.953664
504,23,4422.85,4073.34,0.920977,22,4238.82,3101.73,0.731743,0.82636
505,22,4343.49,4100.21,0.943989,22,4343.49,4012.71,0.923843,0.933916
506,5,840.463,0,0,5,840.463,267.676,0.318487,0.159243
507,11,1534.56,1364.95,0.889473,11,1534.56,1750.53,1.14074,1.01511
508,6,1829.91,1559.82,0.852403,6,1829.91,2179.91,1.19127,1.02183
509,10,2414.39,3640.61,1.50788,9,2173.42,2514.07,1.15673,1.33231
510,15,3739.2,1726.9,0.461837,15,3739.2,1040.64,0.278306,0.370071
511,16,2894.89,2286.5,0.789841,15,2830.56,2511.08,0.887133,0.838487
512,32,3384.93,1463.63,0.432397,32,3384.93,2587.29,0.764357,0.598377
513,16,3227.25,1666.84,0.516489,16,3227.25,1004.89,0.311376,0.413932
514,1,200.71,0,0,1,200.71,0,0,0
601,38,6139.9,4275.28,0.69631,38,6139.9,4437.54,0.722738,0.709524
602,31,5018.89,5510.19,1.09789,30,4800.95,5298.84,1.10371,1.1008
603,32,6022.01,5567.76,0.924567,33,6113.63,5570.83,0.911214,0.917891
604,3,1050,2100,2,3,1050,1400,1.33333,1.66667
605,15,3469.49,1679.77,0.484157,15,3469.49,2452.96,0.707011,0.595584
606,16,2975.29,1929.79,0.648608,17,3174.06,1880,0.592302,0.620455
607,27,4943.58,3679.89,0.744378,28,5212.25,5369.49,1.03017,0.887272
608,27,3690.25,5211.05,1.41211,25,3506.37,6166.32,1.75861,1.58536
609,10,2061.19,2526.53,1.22576,10,2061.19,2742.31,1.33045,1.27811
610,7,1334.38,459.594,0.344426,7,1334.38,932.671,0.698957,0.521691
611,11,1669.12,2020.99,1.21081,9,1184.53,484.356,0.408901,0.809856
612,52,5659.22,6364.48,1.12462,50,5427.61,4742.45,0.873764,0.999193
702,24,4010.3,4789.36,1.19426,22,3734.38,3355.23,0.89847,1.04637
703,39,5339.99,8833.09,1.65414,38,5262.91,6744.43,1.2815,1.46782
704,25,4372.13,3402.2,0.778157,23,4154.21,3423.94,0.824209,0.801183
705,21,4750.48,3894.43,0.819799,19,4383.26,3075.81,0.701719,0.760759
706,19,1751.88,1255.06,0.716403,19,1751.88,1346.01,0.76832,0.742361
707,20,3596.24,2733.98,0.760231,18,3269.94,2739.43,0.837762,0.798997
708,43,3644.09,4442.55,1.21911,43,3644.09,4321.94,1.18601,1.20256
709,33,5444.51,5656.2,1.03888,31,5153.17,6648.24,1.29013,1.1645
711,24,3794.37,2534.15,0.667872,21,3421.53,3551.93,1.03811,0.852991
712,1,262.489,0,0,1,262.489,0,0,0
713,4,449.339,449.339,1,4,449.339,337.004,0.75,0.875
714,10,686.097,646.099,0.941701,10,686.097,442.834,0.645439,0.79357
726,32,4577.3,3511.13,0.767073,25,3564.64,1601.68,0.449324,0.608199
801,18,1661.79,1224.72,0.736991,18,1661.79,1525.61,0.91805,0.827521
802,51,4523.16,5182.2,1.1457,50,4470.78,5721.24,1.2797,1.2127
803,53,5036.78,4445.93,0.882693,52,4976.32,4684.4,0.941338,0.912015
804,28,4088.83,4626.91,1.1316,30,4642.78,4370.12,0.941272,1.03644
805,61,3498.71,3110.32,0.888991,61,3498.71,2687.94,0.768268,0.82863
806,24,4228.54,3120.7,0.73801,23,4045.63,4161.32,1.0286,0.883303
807,28,4479.53,2049.68,0.457565,28,4479.53,2100.96,0.469013,0.463289
808,49,2451.32,3294.9,1.34413,48,2387.17,2457.15,1.02932,1.18672
809,43,6161.47,5918.43,0.960555,42,5895.35,6147.49,1.04277,1.00166
901,50,3938.54,3285.87,0.834286,50,4215.18,4240.99,1.00612,0.920204
902,33,3959.49,3011.33,0.760534,32,3667.72,2119.83,0.57797,0.669252
903,15,4635.11,7170.21,1.54694,15,4635.11,6538.59,1.41067,1.4788
904,33,4717.92,2608,0.552785,32,4658.37,3167.45,0.679949,0.616367
906,58,9902.81,11499.9,1.16128,58,9902.81,14024.3,1.41619,1.28873
907,24,3648.87,4893.03,1.34097,23,3298.87,4351.36,1.31905,1.33001
908,14,3641.74,3285.37,0.902142,13,3562.26,2551.47,0.716251,0.809196
909,13,3699.11,3807.57,1.02932,12,3578.7,3537.93,0.988609,1.00897
910,34,6481.06,10015.3,1.54532,34,6481.06,8947.3,1.38053,1.46293
912,4,382.137,191.069,0.5,4,382.137,477.671,1.25,0.875
913,47,8725.2,8986.91,1.03,47,8725.2,10564.6,1.21081,1.1204
921,38,6835.73,7701.73,1.12669,38,6913.61,5974.48,0.864162,0.995425
1001,18,1156.43,793.641,0.686283,17,1033.65,631.471,0.610914,0.648599
1002,165,13154.1,9869.87,0.750324,164,13051,9313.82,0.713646,0.731985
1003,54,8243.61,4827.03,0.585548,53,8037.2,4189.64,0.521281,0.553415
1004,48,2812.73,2167.5,0.770605,48,2812.73,2138.31,0.760226,0.765415
1005,45,1258.42,1182.24,0.93946,45,1249.93,1115.17,0.892185,0.915822
1006,86,8804.99,6065.6,0.688882,86,8804.99,5848.81,0.664261,0.676572
1102,112,7318.75,6269.22,0.856597,114,7731.15,5614.76,0.726252,0.791425
1104,574,8907.83,11571.7,1.29905,573,8868.85,11110,1.2527,1.27588
1106,41,5073.91,5005.02,0.986422,40,5202.93,5348.93,1.02806,1.00724
1107,60,5752.77,4523.22,0.786269,60,5752.77,4632.74,0.805305,0.795787
1302,4,1144.65,1050,0.917307,4,1144.65,1050,0.917307,0.917307
1303,3,1050,1050,1,3,1050,700,0.666667,0.833333
1304,7,2450,2100,0.857143,7,2450,2100,0.857143,0.857143
1305,13,2717.06,1704.33,0.627271,13,2717.06,2245.24,0.826351,0.726811
1307,1,5,0,0,,,,,0
1309,3,936.83,624.553,0.666667,3,936.83,624.553,0.666667,0.666667
1310,8,1909.87,4230.68,2.21516,8,1909.87,3713.52,1.94438,2.07977
1311,3,774.165,0,0,3,774.165,0,0,0
1401,4,282.034,197,0.698498,4,282.034,459.667,1.62983,1.16416
1402,7,1250.91,2001.13,1.59975,7,1250.91,1250.91,1,1.29987
1403,22,1446.48,941.683,0.651016,22,1446.48,679.507,0.469765,0.560391
1404,64,4343.63,3530.52,0.812803,63,4108.19,3971.03,0.966613,0.889708
1405,45,2619.72,3281.61,1.25266,45,2619.72,4081.76,1.55809,1.40537
1406,31,2516.62,2862.75,1.13754,30,2531.12,3130.69,1.23688,1.18721
1407,15,1114.65,1396.87,1.2532,16,1176.61,1230.58,1.04587,1.14954
1408,11,1185.88,1059.4,0.893339,11,1185.88,194.539,0.164045,0.528692
1409,5,1167.42,1358.45,1.16364,5,1167.42,2408.45,2.06306,1.61335
1410,68,1541.06,1105.09,0.717097,67,1529.32,1152.03,0.753297,0.735197
1411,77,5199.17,6108.34,1.17487,72,5205.51,5011.49,0.962729,1.0688
1412,32,2469.6,1345.8,0.544946,31,2405.34,1288.48,0.535673,0.54031
1413,28,1788.11,1748.76,0.977991,29,1886.43,1433.71,0.76001,0.869
1414,53,2803.91,3434.8,1.225,51,2712.6,3141.13,1.15798,1.19149
1415,183,3181.09,3614.71,1.13631,183,3181.09,3918.35,1.23176,1.18404
1416,18,870.617,1080.34,1.2409,18,870.617,1035.15,1.18899,1.21494
1417,1,271.261,0,0,1,271.261,271.261,1,0.5
1418,56,3532.67,2735.06,0.774219,53,3268.31,2562.95,0.784183,0.779201
1501,42,3540.64,3475.19,0.981516,43,3587.64,2561.25,0.713909,0.847712
1502,11,939.894,987.9,1.05108,11,947.031,723.864,0.764351,0.907713
1504,17,2128.84,2133.52,1.0022,16,1987.48,2072.4,1.04272,1.02246
1505,18,3584.74,5075.82,1.41595,17,3362.69,2882.89,0.857316,1.13663
1506,19,3064.31,1258.15,0.410581,19,3064.31,2161.79,0.705472,0.558026
1507,20,1855.8,1759.85,0.948298,20,1855.8,1564.79,0.843188,0.895743
1508,6,1341.61,1269.28,0.946085,6,1341.61,1733.99,1.29247,1.11928
1509,14,3771.97,3071.97,0.814421,15,4121.97,1535.99,0.372634,0.593527
1510,51,3031.26,2468.87,0.81447,49,2911.51,3153.64,1.08316,0.948817
1511,59,4656.37,4789.59,1.02861,54,4335.31,5740.33,1.32409,1.17635
1512,79,5992.93,6043.28,1.0084,77,5833.27,6235.3,1.06892,1.03866
1513,38,4066.6,5675.14,1.39555,36,3830.37,4858.23,1.26834,1.33195
1514,25,3986.27,4263.47,1.06954,23,3595.72,5240.28,1.45736,1.26345
1601,48,3915.49,2943.71,0.751813,47,3800.01,3013.22,0.792951,0.772382
1602,70,4651.92,4550.94,0.978291,71,4780.44,5747.92,1.20238,1.09034
1603,54,2251.55,2596.32,1.15313,53,2133.89,2393.87,1.12183,1.13748
1604,34,4132.33,1888.47,0.456998,34,4116.03,3338.77,0.811163,0.634081
1605,16,3175.42,3095.1,0.974708,17,3367.98,3283.03,0.974778,0.974743
1606,9,1470.77,428.768,0.291527,7,1082.48,979.241,0.904624,0.598075
1607,50,6698.12,7052.54,1.05291,47,6276.61,5784.73,0.921633,0.987273
1608,20,2260.03,2089.1,0.924369,20,2260.03,2910.29,1.28773,1.10605
1609,26,1332.63,1897.96,1.42422,27,1379.99,1170.16,0.847948,1.13608
1610,30,4260.75,5529.16,1.2977,29,4060.24,6228.84,1.5341,1.4159
1611,36,3201.34,2194.4,0.685461,36,3337.04,2726.32,0.816988,0.751225
1612,32,3973.59,3961.2,0.996881,33,4009.96,4701.79,1.17253,1.0847
1613,30,2680.39,3962.11,1.47818,29,2618.77,3621.04,1.38273,1.43045
1614,55,3409.66,3568.22,1.0465,55,3409.66,3450.41,1.01195,1.02923
1615,18,2181.26,1293.69,0.593091,17,2165.34,954.714,0.440906,0.516999
1616,53,4796.25,3553.03,0.740794,50,4524.95,2205.19,0.48734,0.614067
1617,18,3962.45,5264.65,1.32863,18,3962.45,4871.96,1.22953,1.27908
1618,37,3837.13,4475.29,1.16631,34,3566.26,4203.01,1.17855,1.17243
1619,31,4392.26,3413.96,0.777268,31,4482.83,4851.12,1.08216,0.929712
1620,41,2928.29,2380.21,0.812833,39,2816.05,2163.72,0.768354,0.790594
1621,8,1578.44,1134.72,0.718887,8,1578.44,1134.72,0.718887,0.718887
1622,23,2471.32,1293.07,0.523231,23,2471.32,1596.12,0.645856,0.584544
1623,10,2732.12,0,0,10,2732.12,249.695,0.0913925,0.0456963
1625,4,492.02,492.02,1,4,492.02,615.025,1.25,1.125
1626,8,2493.63,2100,0.842145,9,2843.63,2450,0.861574,0.85186
1630,19,2699.82,2612.39,0.967616,19,2699.82,1448.98,0.536693,0.752155
1631,6,1009.96,630.52,0.624304,6,1009.96,647.527,0.641143,0.632724
1632,23,2294.26,1855.29,0.808667,20,2121.42,1793.22,0.845292,0.82698
1633,12,721.773,758.342,1.05066,12,721.773,743.507,1.03011,1.04039
1634,15,807.145,860.211,1.06575,15,807.145,744.624,0.92254,0.994143
1635,14,2792.02,7752.84,2.77679,14,2792.02,6665.43,2.38732,2.58205
1636,7,1600.32,662.438,0.413941,6,1394.5,662.438,0.475036,0.444489
1639,7,1191.04,350,0.293861,7,1191.04,118.204,0.0992444,0.196553
1701,7,507.344,474.929,0.936109,7,507.344,507.344,1,0.968055
1702,13,1895.93,1952.54,1.02986,13,1895.93,2029.14,1.07026,1.05006
1703,1,315.091,945.273,3,1,315.091,945.273,3,3
1704,3,487.921,184.451,0.378034,3,487.921,368.902,0.756068,0.567051
1705,18,2990.96,4641.68,1.55191,17,2906.4,4312.29,1.48372,1.51781
1706,20,1843.55,1974.94,1.07127,19,1793.27,2086.63,1.16359,1.11743
1707,47,2510.6,2070.35,0.824644,46,2437.08,2787.9,1.14396,0.9843
1708,26,893.622,611.595,0.6844,24,860.079,937.117,1.08957,0.886985
1710,56,2565.32,2640.18,1.02918,58,2572.71,2525.97,0.981834,1.00551
1711,8,2409.15,2101.68,0.872374,9,2716.62,2726.75,1.00373,0.93805
1712,12,1094.76,971.833,0.887715,10,860.222,400.041,0.465044,0.67638
1713,20,1072.7,1470.86,1.37117,20,1072.7,1257.47,1.17225,1.27171
1714,26,1397.85,1689.33,1.20853,25,1314.94,1500.48,1.1411,1.17481
1715,73,3807.8,4425.92,1.16233,71,3717.79,3516.49,0.945855,1.05409
1716,10,1609.76,1289.61,0.801123,10,1609.76,1748.97,1.08648,0.943801
1717,21,6314.98,8530.77,1.35088,20,5964.98,8123.18,1.36181,1.35635
1721,5,234.995,503.946,2.1445,5,234.995,503.946,2.1445,2.1445
1722,2,543.841,543.841,1,2,543.841,543.841,1,1
1723,11,1033.16,1169.02,1.1315,10,961.885,1102.4,1.14608,1.13879
1724,5,753.508,1179.37,1.56517,5,753.508,636.68,0.844954,1.20506
1725,18,1351.61,1274.94,0.943277,17,1281.06,996.353,0.777754,0.860515
1727,5,1750,1400,0.8,5,1750,700,0.4,0.6
1729,12,1456.62,1436.71,0.986333,13,1615.17,1201.95,0.744162,0.865247
1730,3,742.737,0,0,3,742.737,0,0,0
1731,22,843.488,695.105,0.824084,23,882.836,809.017,0.916384,0.870234
1732,13,2306.29,3746.41,1.62444,12,2138.23,2017.91,0.943731,1.28408
1733,36,1100.25,1058.64,0.962184,37,1138.33,1093.83,0.960909,0.961547
1734,16,1547.34,2136.04,1.38046,16,1547.34,1880.45,1.21528,1.29787
1735,3,128.411,128.411,1,3,128.411,43.0348,0.335133,0.667567
1736,23,2346.37,915.648,0.39024,23,2346.37,2402.68,1.024,0.70712
1737,24,1494.56,1195.43,0.799856,22,1424.85,1250.58,0.877692,0.838774
1738,16,486.952,615.952,1.26491,16,486.952,753.887,1.54818,1.40654
1739,14,1821.2,1425.82,0.782898,14,1821.2,1838.48,1.00949,0.896192
1741,8,403.299,543.749,1.34825,9,450.915,523.539,1.16106,1.25465
1744,20,921.387,1794.52,1.94763,20,921.387,1213.88,1.31745,1.63254
1745,34,1406.02,1910.29,1.35865,32,1314.41,1638.15,1.2463,1.30248
1746,6,598.275,542.836,0.907335,6,598.275,841.974,1.40734,1.15734
1747,6,518.898,327.638,0.63141,5,429.481,148.804,0.346474,0.488942
1748,10,613.871,1606.63,2.61721,10,613.871,1697.71,2.76559,2.6914
1749,15,919.592,1574.62,1.71231,13,770.357,868.117,1.1269,1.4196
1750,32,1900.59,2194.77,1.15479,30,1476.73,1830.99,1.23989,1.19734
1803,14,1366.37,1447.47,1.05936,13,1324.31,1445.67,1.09164,1.0755
1804,42,2774.51,2035.33,0.733583,38,2587.2,2379.68,0.919788,0.826686
1805,37,3710.94,4144.4,1.1168,36,3677.85,3248.9,0.88337,1.00009
1806,38,6900.64,10878.1,1.5764,38,6900.64,7607.26,1.1024,1.3394
1807,6,1280.04,1363.86,1.06548,5,1123.11,1496.95,1.33286,1.19917
1816,2,377.844,1421.37,3.7618,2,377.844,377.844,1,2.3809
1817,24,8217.54,7700,0.937021,24,8217.54,7350,0.894429,0.915725
1901,7,2450,700,0.285714,6,2100,1400,0.666667,0.47619
1902,111,30062.1,22020,0.732484,112,30274.8,20832.7,0.68812,0.710302
1903,19,6432.13,6782.13,1.05441,19,6432.13,2932.13,0.455857,0.755136
1904,32,10283.9,9151.28,0.889862,32,10283.9,7091.92,0.689612,0.789737
1905,11,2803.96,2103.96,0.750353,11,2803.96,2103.96,0.750353,0.750353
1906,14,4900,3150,0.642857,14,4900,2800,0.571429,0.607143
1907,14,4115.62,3415.62,0.829916,14,4115.62,3415.62,0.829916,0.829916
1908,10,3500,1750,0.5,10,3500,1050,0.3,0.4
1909,63,16071.7,7915.59,0.492517,59,14991.6,8253.38,0.550532,0.521525
1911,23,8050,700,0.0869565,23,8050,4900,0.608696,0.347826
1912,27,9450,7350,0.777778,25,8750,6300,0.72,0.748889
1913,19,5179.54,2659.85,0.513529,19,5179.54,3114.77,0.60136,0.557445
1914,16,5600,5950,1.0625,16,5600,3850,0.6875,0.875
1916,37,12529.9,11129.9,0.888267,37,12529.9,8329.88,0.664801,0.776534
1917,47,14276.4,8822.75,0.617994,46,13926.4,13915.7,0.999233,0.808614
1918,8,2800,2100,0.75,8,2800,1750,0.625,0.6875
1919,13,4550,3500,0.769231,13,4550,3500,0.769231,0.769231
1923,22,7700,1750,0.227273,22,7700,5600,0.727273,0.477273
1924,35,10983.4,1750,0.159332,35,10983.4,5872.29,0.534652,0.346992
1926,21,7350,2800,0.380952,21,7350,3850,0.52381,0.452381
1928,10,3500,2100,0.6,10,3500,2100,0.6,0.6
1929,28,9379.88,6749.82,0.719607,28,9379.88,5529.88,0.589547,0.654577
1930,23,4418.55,1801.9,0.407802,23,4418.55,6872.97,1.55548,0.981642
1931,12,4200,1050,0.25,12,4200,2800,0.666667,0.458333
1933,24,8400,6300,0.75,24,8400,6650,0.791667,0.770833
1934,17,5950,700,0.117647,17,5950,4550,0.764706,0.441176
1935,21,7350,3850,0.52381,21,7350,2450,0.333333,0.428571
1936,5,1750,2100,1.2,5,1750,1400,0.8,1
1938,44,15400,12250,0.795455,44,15400,11200,0.727273,0.761364
2002,26,6167.96,3717.45,0.602703,27,6464.68,7130.98,1.10307,0.852886
2003,23,4594.34,3531.86,0.768741,23,4594.34,4003.5,0.871398,0.820069
2004,26,7618.8,4740.9,0.622264,25,7268.8,5876.06,0.808394,0.715329
2005,17,3035.87,3537.99,1.16539,17,3035.87,3276.83,1.07937,1.12238
2007,19,4626.21,5575.8,1.20526,18,4379.3,3489.3,0.79677,1.00102
2008,13,1894.22,1414.02,0.746491,12,1694.83,822.868,0.485517,0.616004
2009,13,4504.2,2381.3,0.528684,11,3804.2,2731.3,0.717969,0.623326
2011,19,4514.11,3400.24,0.753248,18,4322.53,2033.56,0.470455,0.611852
2012,23,5590.93,3759.28,0.672389,23,5590.93,4109.28,0.73499,0.703689
2101,15,2472.28,2551,1.03184,15,2472.28,3214.06,1.30004,1.16594
2102,163,14306.7,10087.8,0.705111,163,14306.7,10065.4,0.703547,0.704329
2103,28,4050.1,4187.13,1.03383,28,4050.1,4065.55,1.00381,1.01882
2105,72,9727,8442.05,0.867899,71,9682.06,7315.04,0.755525,0.811712
2106,24,4008.15,4671.9,1.1656,24,4008.15,5458.3,1.3618,1.2637
2107,3,468.63,59.3148,0.126571,3,468.63,237.259,0.506283,0.316427
2108,37,5490,7006.56,1.27624,38,5621.48,6590.44,1.17237,1.2243
2109,19,4010.85,4056.21,1.01131,19,4010.85,3191.36,0.795681,0.903495
2110,18,3689.07,3289.98,0.89182,18,3689.07,2688.47,0.728765,0.810293
2112,49,10861,11717.3,1.07885,48,10728.4,12187.4,1.136,1.10742
2201,35,2478.48,2199.15,0.887299,34,2413.23,2634.59,1.09172,0.989511
2202,58,13557.5,12011.8,0.885993,57,13210.6,10894.6,0.824685,0.855339
2203,16,4227.71,3706.3,0.876668,16,4227.71,4244.92,1.00407,0.94037
2204,5,1726.1,350,0.20277,5,1726.1,1046.16,0.606085,0.404427
2205,19,6206.15,6353.77,1.02379,19,6206.15,8566.64,1.38035,1.20207
2206,17,4020.97,7016.08,1.74487,17,4020.97,5357.87,1.33248,1.53868
2208,13,3683.17,5954.43,1.61666,13,3683.17,2860.64,0.776677,1.19667
2209,92,6501.64,7203.59,1.10796,91,6554.23,6155.25,0.939126,1.02354
2211,9,3090.92,3794.26,1.22755,9,3090.92,2064.33,0.667869,0.94771
2212,28,3943.86,3504.89,0.888696,28,3943.86,3660.42,0.928133,0.908414
2213,14,4630.52,2800,0.604684,14,4630.52,5770.35,1.24616,0.925419
2214,48,8127.86,9566.27,1.17697,49,8349.5,8897.32,1.06561,1.12129
2215,21,3069.5,4181.35,1.36222,20,2956.9,4703.45,1.59067,1.47645
2216,10,2597.19,3212.47,1.2369,10,2597.19,4047.63,1.55847,1.39768
2218,1,89.9044,89.9044,1,1,89.9044,89.9044,1,1
2220,85,13090.4,7654.73,0.584759,83,12698.7,7583.1,0.597154,0.590956
2221,18,4357.73,6123.65,1.40524,18,4357.73,5362.33,1.23053,1.31788
2222,14,3096.75,2884.06,0.931318,14,3096.75,2782.03,0.898371,0.914844
2301,75,9327.05,6337.32,0.679456,74,9176.71,7191.18,0.783634,0.731545
2302,26,1229.55,1023.35,0.832296,26,1229.55,1435.24,1.16728,0.999789
2303,38,3930.47,3419.83,0.870081,38,3930.47,3311.37,0.842487,0.856284
2304,30,3723.84,2843.5,0.763594,27,3405.86,3196.85,0.938632,0.851113
2305,87,5667.57,4501.58,0.794269,86,5622.64,4671.81,0.830892,0.812581
2306,50,3931.1,3093.66,0.786969,48,3830.12,3123.43,0.815492,0.801231
2307,16,5441.55,4431.41,0.814365,16,5441.55,5125.86,0.941985,0.878175
2403,11,3464.17,4549.98,1.31344,10,3114.17,3149.98,1.0115,1.16247
2404,19,5294.73,3628.3,0.685266,19,5294.73,6506.91,1.22894,0.957103
2405,12,3076.66,4984.17,1.61999,12,3076.66,4334.44,1.40881,1.5144
2406,24,6300.27,5205.26,0.826196,24,6300.27,6205.07,0.984889,0.905542
2407,12,3262.07,1813.33,0.555881,12,3262.07,1113.33,0.341294,0.448588
2409,32,9664.73,12611.2,1.30487,30,9077.31,12520.5,1.37932,1.34209
2410,12,4200,4550,1.08333,12,4200,3850,0.916667,1
2411,10,3324.99,4550,1.36843,10,3324.99,2974.99,0.894736,1.13158
2415,6,2100,3850,1.83333,6,2100,3500,1.66667,1.75
2416,14,4502.15,4067.38,0.903431,14,4502.15,4067.38,0.903431,0.903431
2419,58,10884.5,7496.81,0.68876,57,10713.7,7707.99,0.71945,0.704105
2421,5,825.355,990.426,1.2,5,825.355,1155.5,1.4,1.3
2422,4,1400,1050,0.75,7,2052.15,1569.54,0.764825,0.757412
2423,17,5925.31,3136.85,0.529398,17,5925.31,3835.23,0.647263,0.588331
2501,19,4266.77,4250.74,0.996242,20,4462.59,5181.94,1.1612,1.07872
2503,6,1662.1,1321.51,0.795085,6,1662.1,2295.6,1.38114,1.08811
2504,39,12137.2,15393.2,1.26827,37,11437.2,17320.4,1.51439,1.39133
2505,22,7379.59,9090.69,1.23187,22,7379.59,8280.12,1.12203,1.17695
3001,28,6432.54,4554.6,0.708056,28,6432.54,5691.79,0.884844,0.79645
3002,30,6109.96,3733.38,0.611032,29,5759.96,3225.3,0.559953,0.585492
3003,64,7727.06,6783.17,0.877847,64,7727.06,6267.26,0.81108,0.844463
3004,18,5043.3,5066.92,1.00468,18,5043.3,5805.63,1.15116,1.07792
3005,11,3687.16,2734.87,0.741726,11,3687.16,634.866,0.172183,0.456954
3006,12,4199.92,1049.94,0.249992,12,4199.92,3499.92,0.83333,0.541661
3007,16,2683.93,895.22,0.333548,16,2683.93,1626.5,0.606014,0.469781
3008,33,6961.24,4862.63,0.698529,33,6961.24,4895.34,0.703228,0.700878
3009,31,4054.42,2641.39,0.651485,31,4054.42,2734.35,0.674413,0.662949
3010,30,8625.77,6483.36,0.751627,30,8625.77,5701.51,0.660986,0.706306
3011,14,3028.32,1837.29,0.606702,14,3028.32,1837.29,0.606702,0.606702
3012,31,6428.11,4087.98,0.635954,31,6428.11,3869.37,0.601945,0.61895
3013,22,5481,2960.93,0.540217,22,5481,2470.55,0.450747,0.495482
3101,45,11747.4,9286.41,0.790504,45,11747.4,9378.34,0.79833,0.794417
3103,96,16681.4,7885.49,0.47271,94,15991.4,7792.88,0.487317,0.480014
3104,30,8220.85,5827.85,0.708911,30,8220.85,5127.85,0.623761,0.666336
3106,29,6078.99,5934,0.976149,30,5947.36,6830.25,1.14845,1.0623
3107,16,4224.93,5575.8,1.31974,16,4224.93,4565.47,1.0806,1.20017
3108,20,5736.58,5394.79,0.94042,19,5386.58,3120.79,0.579363,0.759892
3201,28,9089.78,7632.66,0.839697,29,9308.81,6932.66,0.744742,0.79222
3205,38,8539.37,13470.6,1.57747,38,8510.94,9943.72,1.16834,1.37291
3206,25,7788.18,6509.29,0.835791,24,7438.18,6654.91,0.894696,0.865243
3207,13,3281.74,2442.28,0.744204,14,3631.74,2268.25,0.624563,0.684383
3208,20,4308.59,6399.63,1.48532,21,4658.59,5748.82,1.23403,1.35967
3210,67,12192.2,16707.6,1.37035,65,12150.8,14952.9,1.23061,1.30048
3212,47,11917.1,8970.71,0.75276,46,11599.9,10113.7,0.871873,0.812317
3213,10,3494.74,3142.11,0.899097,10,3494.74,2794.74,0.799699,0.849398
3215,24,4037.31,4593.75,1.13782,23,3704.58,4772.23,1.2882,1.21301
3305,61,11784.4,7326.92,0.621747,61,11784.4,8660.98,0.734953,0.67835
3307,11,3850,1050,0.272727,10,3500,2450,0.7,0.486364
3310,6,2100,2450,1.16667,6,2100,2450,1.16667,1.16667
3311,12,4200,2800,0.666667,11,3850,3500,0.909091,0.787879
3312,3,1050,350,0.333333,3,1050,700,0.666667,0.5
3313,34,8953.27,7068.37,0.789473,34,8953.27,5609.7,0.626553,0.708013
3314,2,700,700,1,2,700,0,0,0.5
3315,42,11337.4,10993.5,0.96966,42,11337.4,10483.4,0.924668,0.947164
3316,14,4900,1750,0.357143,14,4900,3150,0.642857,0.5
3317,15,5250,4900,0.933333,14,4900,3850,0.785714,0.859524
3319,3,1050,1050,1,3,1050,1400,1.33333,1.16667
3322,17,5950,5600,0.941176,16,5600,3850,0.6875,0.814338
3402,36,3169.41,2539.16,0.801147,36,3169.41,1972.81,0.622452,0.711799
3403,34,9151.01,7758.71,0.847853,34,9151.01,8098.1,0.884941,0.866397
3404,36,3873.97,3922.84,1.01261,35,3577.15,3275.37,0.915638,0.964125
3405,16,3900.44,1933.75,0.495778,16,3900.44,2568.15,0.658425,0.577101
3406,11,2138.01,1661.89,0.777305,8,1670.42,1020.56,0.610962,0.694134
3407,17,5096.07,5038.55,0.988713,16,4811.43,3905.19,0.811648,0.900181
3408,21,3955.64,4125.82,1.04302,20,3785.62,3912.25,1.03345,1.03824
3409,31,3252.87,2662.71,0.818574,28,3049.43,1961.44,0.643216,0.730895
3412,67,5817.99,7263.56,1.24847,67,5817.99,7982.85,1.3721,1.31028
3414,50,7191.95,9427.66,1.31086,50,7191.95,7371.48,1.02496,1.16791
3415,27,5682.15,6400.77,1.12647,27,5682.15,6870.27,1.2091,1.16778
3416,6,1672.86,1560.86,0.933049,6,1672.86,1560.86,0.933049,0.933049
3417,4,633.571,214.618,0.338744,4,633.571,424.095,0.669372,0.504058
3419,33,8156.3,4322.94,0.530013,33,8156.3,3188.43,0.390916,0.460464
3423,29,6779.19,3398.24,0.501276,29,6779.19,2966.61,0.437605,0.469441
3424,81,8412.81,7341.28,0.87263,79,8275.94,7241.47,0.875003,0.873817
3426,23,6657.44,3489.48,0.524148,23,6657.44,3489.48,0.524148,0.524148
3427,43,1336.26,833.16,0.623502,39,1233.59,759.992,0.616083,0.619792
3429,16,5069.68,2916.71,0.575325,16,5069.68,5338.94,1.05311,0.814219
3502,68,6185.45,7155.57,1.15684,67,6024.62,5400.84,0.896462,1.02665
3504,1,31.3633,0,0,1,31.3633,0,0,0
3506,47,9819.12,7159.96,0.729186,46,9672.31,4905.05,0.507123,0.618155
3507,13,4444.68,2034.18,0.457665,13,4444.68,3381.52,0.760801,0.609233
3508,33,8071.22,6745.81,0.835786,33,8071.22,7136.49,0.884191,0.859988
3509,35,5598.7,3067.86,0.547959,34,5427.27,3045.21,0.561095,0.554527
3510,8,2592.29,2448.89,0.944685,8,2592.29,2099.05,0.80973,0.877207
3511,25,5262.59,6469.98,1.22943,25,5262.59,5958.75,1.13228,1.18086
3512,14,2217.43,1900.02,0.856854,13,2072.77,2769.08,1.33594,1.0964
3514,69,9578.82,7182.77,0.749859,72,9843.93,6977.72,0.708834,0.729347
3515,56,10015.9,7963.85,0.795122,55,9994.33,7164.91,0.716898,0.75601
3516,2,132.698,0,0,2,132.698,122.193,0.920836,0.460418
3517,38,3371.99,2968.11,0.880228,38,3397.62,3307.61,0.973507,0.926867
3518,39,7627.68,5713.35,0.749029,40,7709.73,5675.43,0.736139,0.742584
3519,50,8665.44,6970.92,0.804451,49,8315.44,5454.83,0.655988,0.730219
3520,49,10786.2,8258.16,0.765621,47,10279.7,7032.15,0.684079,0.72485
3521,38,4411.48,2943.21,0.66717,38,4428.52,2660.26,0.600712,0.633941
3526,91,12316.4,14372.6,1.16695,92,12403.1,14162.8,1.14187,1.15441
3528,33,6767.92,7072.81,1.04505,30,6358.58,6643.33,1.04478,1.04492
3532,8,2382.48,4084.23,1.71428,8,2382.48,3289.34,1.38064,1.54746
3601,33,10473.5,5417.12,0.517222,33,10473.5,4111.06,0.392521,0.454872
3603,61,9583.7,9003.65,0.939476,61,9583.7,8083.72,0.843487,0.891481
3604,31,2072.91,2174.82,1.04916,31,2072.91,2927.23,1.41213,1.23065
3605,42,10433.9,8779.43,0.841432,42,10433.9,8873.9,0.850486,0.845959
3606,8,2800,1400,0.5,8,2800,1050,0.375,0.4375
3608,39,6138.69,3385.68,0.551531,34,5757.47,3344.95,0.580977,0.566254
3609,43,6492.96,6378.3,0.982341,44,6507.43,4920.38,0.756117,0.869229
3612,9,45,35,0.777778,9,45,30,0.666667,0.722222
3614,22,1962,2340.4,1.19286,22,1617,2348.56,1.45242,1.32264
3615,50,8063.96,12586,1.56078,49,7877.22,9761.33,1.23919,1.39998
3616,7,1493.87,1826.78,1.22285,7,1493.87,1937.75,1.29713,1.25999
3617,54,5671.86,8636.7,1.52273,55,5676.86,8152.99,1.43618,1.47945
3618,56,8935.71,9487.72,1.06178,55,8585.71,9427.87,1.09809,1.07993
3619,15,3787.59,3986.1,1.05241,16,3792.59,3170.47,0.835965,0.944188
3622,41,7985.99,7600.61,0.951743,41,7985.99,7335.26,0.918516,0.93513
3626,42,8542.63,12871.3,1.50672,42,8542.63,9781.01,1.14496,1.32584
3627,84,18143.8,14258.9,0.785886,84,18143.8,14519.4,0.800241,0.793063
3704,30,6367.79,6928.88,1.08811,29,6017.79,5674.44,0.942943,1.01553
3706,14,3956.84,7137.72,1.80389,14,3956.84,4968.75,1.25574,1.52982
3707,39,7955.95,9360.7,1.17657,39,7794.73,8193.33,1.05114,1.11385
3708,28,5617.91,6724.53,1.19698,24,4881.5,5485.63,1.12376,1.16037
3710,28,7329.77,6350.18,0.866354,28,7329.77,9700.68,1.32346,1.09491
3801,55,18910.5,12430.3,0.65732,55,18910.5,12430.3,0.65732,0.65732
3802,8,2800,2800,1,8,2800,2800,1,1
3804,13,4441.62,2734.97,0.61576,13,4441.62,2734.97,0.61576,0.61576
3806,25,8158.89,4827.78,0.59172,25,8158.89,5527.78,0.677516,0.634618
3807,8,2800,1750,0.625,8,2800,1050,0.375,0.5
3808,6,2100,1400,0.666667,6,2100,1400,0.666667,0.666667
3809,27,9110.54,7530.27,0.826545,27,9110.54,6830.27,0.749711,0.788128
3810,16,5048.07,4348.07,0.861333,16,5048.07,4698.07,0.930667,0.896
3811,12,2857.61,2157.61,0.75504,12,2857.61,2157.61,0.75504,0.75504
3812,11,3850,2450,0.636364,11,3850,1050,0.272727,0.454545
3815,19,6650,4900,0.736842,19,6650,4900,0.736842,0.736842
3816,45,15750,11900,0.755556,45,15750,10500,0.666667,0.711111
3817,67,17298.9,10484.1,0.606054,67,17298.9,11093.5,0.641282,0.623668
3818,11,3850,1750,0.454545,11,3850,1750,0.454545,0.454545
3819,18,6300,3850,0.611111,18,6300,3850,0.611111,0.611111
3820,19,6650,3500,0.526316,19,6650,3500,0.526316,0.526316
3821,13,4550,1050,0.230769,13,4550,4200,0.923077,0.576923
3824,42,12603.5,12354.5,0.980243,42,12603.5,13603,1.0793,1.02977
3826,33,11550,13650,1.18182,32,11200,11550,1.03125,1.10653
3831,51,13893.9,11012.3,0.792603,51,13893.9,9965.89,0.717285,0.754944
3903,28,8265.24,13003.7,1.57329,28,8265.24,10997.9,1.33062,1.45196
3904,39,11492.7,13030.9,1.13385,38,10990.7,11718.8,1.06625,1.10005
3906,18,6056.68,10908,1.80099,17,5755.34,11306.7,1.96455,1.88277
3907,8,2800,3850,1.375,8,2800,3500,1.25,1.3125
3908,27,9206.68,10159.3,1.10348,28,9556.68,9809.35,1.02644,1.06496
3910,17,5706.68,7806.68,1.36799,18,6056.68,9206.68,1.52009,1.44404
3911,20,7000,7700,1.1,20,7000,7350,1.05,1.075
3912,8,2800,2450,0.875,8,2800,2450,0.875,0.875
3916,73,23344.1,28268.5,1.21095,73,23375.3,24990.7,1.06911,1.14003
3917,44,14997.1,16747.1,1.11669,44,14997.1,16464.3,1.09783,1.10726
3918,31,10850,15400,1.41935,29,10150,12950,1.27586,1.34761
3919,10,3500,4200,1.2,10,3500,5250,1.5,1.35
4004,46,13068.4,12994,0.994301,46,13068.4,12939.7,0.990148,0.992225
4005,18,3991.21,5085.04,1.27406,18,3991.21,4897.02,1.22695,1.2505
4007,2,700,350,0.5,2,700,350,0.5,0.5
4008,5,1750,1400,0.8,5,1750,2800,1.6,1.2
4010,48,14078.1,16304.6,1.15815,46,13378.1,18848.9,1.40893,1.28354
4011,49,15368.1,15200.9,0.989114,45,13968.1,15198,1.08805,1.03858
4012,22,6660.5,10200.5,1.53149,21,6415.09,9594.93,1.49568,1.51358
4013,9,3138.81,700,0.223015,9,3138.81,696.27,0.221826,0.22242
4014,69,18651.3,19829.6,1.06317,68,18301.3,15979.7,0.873143,0.968158
4015,70,19856,15498.8,0.780563,67,19003.3,16370.4,0.861453,0.821008
4016,83,19766.2,18392.5,0.930503,79,19360.8,17253.2,0.891143,0.910823
4017,45,14548.4,12798.4,0.879712,45,14548.4,11748.4,0.807538,0.843625
4019,76,24888.6,17543.1,0.704866,76,24888.6,16493.1,0.662678,0.683772
4020,1,350,0,0,1,350,0,0,0
4022,1,211.146,0,0,1,211.146,0,0,0
