TAZ,SuperZone,trips_per_person,population
0,,0.0,34
101,1,1.069,5259
102,1,1.213,775
104,1,1.276,4203
105,,1.086,9286
106,1,1.382,6328
107,1,0.656,8087
108,1,0.922,7142
110,1,0.503,3888
111,1,0.553,4448
112,1,0.834,5859
114,1,1.092,2254
115,1,0.826,11771
116,1,0.982,7607
117,1,0.901,8707
118,1,0.91,4819
201,2,1.174,1027
202,2,1.355,3193
203,2,0.607,5038
204,2,0.0,570
205,2,0.665,2233
208,2,0.5,2100
209,2,0.621,6093
210,2,0.52,5120
214,2,0.422,4486
215,2,1.081,8115
216,2,0.84,6268
217,2,0.76,1661
219,2,0.889,3022
220,2,0.827,4034
221,2,0.995,1875
222,2,0.521,6899
223,2,0.5,869
224,2,1.0,402
225,2,0.74,4040
229,2,1.43,1072
230,2,0.534,7236
231,2,0.771,10373
232,2,0.822,1376
233,2,0.726,4622
235,2,0.788,6376
236,2,0.816,6741
239,2,1.072,6712
240,2,0.841,7840
242,2,0.84,7951
301,3,0.571,13633
303,3,1.683,4359
304,3,1.127,5690
305,3,1.05,900
309,3,0.998,6517
310,3,0.698,5077
313,3,0.754,6604
314,3,0.916,15917
315,3,0.0,1521
316,3,0.816,4847
317,3,0.812,7161
318,3,0.711,11432
321,3,0.617,405
322,3,0.7,139
323,3,0.999,3819
324,3,0.987,3135
325,3,0.333,4221
326,3,1.099,2970
327,3,0.908,6268
328,3,1.109,1500
329,3,1.793,1261
331,3,0.91,3756
332,3,1.004,1735
334,3,0.826,6694
335,3,0.78,5718
336,3,0.646,9993
337,3,0.701,2036
338,3,0.431,5701
401,4,0.686,7515
402,4,0.522,8403
403,4,0.724,6520
404,4,0.651,6727
405,4,0.551,8620
406,4,0.852,4469
407,4,0.427,6780
408,4,0.569,4004
409,4,0.741,4373
411,4,0.604,7548
412,4,0.545,7217
413,4,0.672,4363
414,4,0.965,2763
415,4,0.648,16638
418,4,0.518,3249
419,4,0.484,5181
420,4,1.0,124
421,4,0.745,6563
422,4,0.621,9606
501,5,0.831,8691
503,5,0.954,3496
504,5,0.826,4331
505,5,0.934,4343
506,5,0.159,840
507,5,1.015,1535
508,5,1.022,1830
509,5,1.332,2294
510,5,0.37,3739
511,5,0.838,2863
512,5,0.598,3385
513,5,0.414,3227
514,5,0.0,201
601,6,0.71,6140
602,6,1.101,4910
603,6,0.918,6068
604,6,1.667,1050
605,6,0.596,3469
606,6,0.62,3075
607,6,0.887,5078
608,6,1.585,3598
609,6,1.278,2061
610,6,0.522,1334
611,6,0.81,1427
612,6,0.999,5543
702,7,1.046,3872
703,7,1.468,5301
704,7,0.801,4263
705,7,0.761,4567
706,7,0.742,1752
707,7,0.799,3433
708,7,1.203,3644
709,7,1.165,5299
711,7,0.853,3608
712,7,0.0,262
713,7,0.875,449
714,7,0.794,686
726,7,0.608,4071
801,8,0.828,1662
802,8,1.213,4497
803,8,0.912,5007
804,8,1.036,4366
805,8,0.829,3499
806,8,0.883,4137
807,8,0.463,4480
808,8,1.187,2419
809,8,1.002,6028
901,9,0.92,4077
902,9,0.669,3814
903,9,1.479,4635
904,9,0.616,4688
906,9,1.289,9903
907,9,1.33,3474
908,9,0.809,3602
909,9,1.009,3639
910,9,1.463,6481
912,9,0.875,382
913,9,1.12,8725
921,9,0.995,6875
1001,10,0.649,1095
1002,10,0.732,13103
1003,10,0.553,8140
1004,10,0.765,2813
1005,10,0.916,1254
1006,10,0.677,8805
1102,11,0.791,7525
1104,11,1.276,8888
1106,11,1.007,5138
1107,11,0.796,5753
1302,13,0.917,1145
1303,13,0.833,1050
1304,13,0.857,2450
1305,13,0.727,2717
1307,13,0.0,2
1309,13,0.667,937
1310,13,2.08,1910
1311,13,0.0,774
1401,14,1.164,282
1402,14,1.3,1251
1403,14,0.56,1446
1404,14,0.89,4226
1405,14,1.405,2620
1406,14,1.187,2524
1407,14,1.15,1146
1408,14,0.529,1186
1409,14,1.613,1167
1410,14,0.735,1535
1411,14,1.069,5202
1412,14,0.54,2437
1413,14,0.869,1837
1414,14,1.191,2758
1415,14,1.184,3181
1416,14,1.215,871
1417,14,0.5,271
1418,14,0.779,3400
1501,15,0.848,3564
1502,15,0.908,943
1504,15,1.022,2058
1505,15,1.137,3474
1506,15,0.558,3064
1507,15,0.896,1856
1508,15,1.119,1342
1509,15,0.594,3947
1510,15,0.949,2971
1511,15,1.176,4496
1512,15,1.039,5913
1513,15,1.332,3948
1514,15,1.263,3791
1601,16,0.772,3858
1602,16,1.09,4716
1603,16,1.137,2193
1604,16,0.634,4124
1605,16,0.975,3272
1606,16,0.598,1277
1607,16,0.987,6487
1608,16,1.106,2260
1609,16,1.136,1356
1610,16,1.416,4160
1611,16,0.751,3269
1612,16,1.085,3992
1613,16,1.43,2650
1614,16,1.029,3410
1615,16,0.517,2173
1616,16,0.614,4661
1617,16,1.279,3962
1618,16,1.172,3702
1619,16,0.93,4438
1620,16,0.791,2872
1621,16,0.719,1578
1622,16,0.585,2471
1623,16,0.046,2732
1625,16,1.125,492
1626,16,0.852,2669
1630,16,0.752,2700
1631,16,0.633,1010
1632,16,0.827,2208
1633,16,1.04,722
1634,16,0.994,807
1635,16,2.582,2792
1636,16,0.444,1497
1639,16,0.197,1191
1701,17,0.968,507
1702,17,1.05,1896
1703,17,3.0,315
1704,17,0.567,488
1705,17,1.518,2949
1706,17,1.117,1818
1707,17,0.984,2474
1708,17,0.887,877
1710,17,1.006,2569
1711,17,0.938,2563
1712,17,0.676,977
1713,17,1.272,1073
1714,17,1.175,1356
1715,17,1.054,3763
1716,17,0.944,1610
1717,17,1.356,6140
1721,17,2.145,235
1722,17,1.0,544
1723,17,1.139,998
1724,17,1.205,754
1725,17,0.861,1316
1727,17,0.6,1750
1729,17,0.865,1536
1730,17,0.0,743
1731,17,0.87,863
1732,17,1.284,2222
1733,17,0.962,1119
1734,17,1.298,1547
1735,17,0.668,128
1736,17,0.707,2346
1737,17,0.839,1460
1738,17,1.407,487
1739,17,0.896,1821
1741,17,1.255,427
1744,17,1.633,921
1745,17,1.302,1360
1746,17,1.157,598
1747,17,0.489,474
1748,17,2.691,614
1749,17,1.42,845
1750,17,1.197,1689
1803,18,1.075,1345
1804,18,0.827,2681
1805,18,1.0,3694
1806,18,1.339,6901
1807,18,1.199,1202
1816,18,2.381,378
1817,18,0.916,8218
1901,19,0.476,2275
1902,19,0.71,30168
1903,19,0.755,6432
1904,19,0.79,10284
1905,19,0.75,2804
1906,19,0.607,4900
1907,19,0.83,4116
1908,19,0.4,3500
1909,19,0.522,15532
1911,19,0.348,8050
1912,19,0.749,9100
1913,19,0.557,5180
1914,19,0.875,5600
1916,19,0.777,12530
1917,19,0.809,14101
1918,19,0.688,2800
1919,19,0.769,4550
1923,19,0.477,7700
1924,19,0.347,10983
1926,19,0.452,7350
1928,19,0.6,3500
1929,19,0.655,9380
1930,19,0.982,4419
1931,19,0.458,4200
1933,19,0.771,8400
1934,19,0.441,5950
1935,19,0.429,7350
1936,19,1.0,1750
1938,19,0.761,15400
2002,20,0.853,6316
2003,20,0.82,4594
2004,20,0.715,7444
2005,20,1.122,3036
2007,20,1.001,4503
2008,20,0.616,1795
2009,20,0.623,4154
2011,20,0.612,4418
2012,20,0.704,5591
2101,21,1.166,2472
2102,21,0.704,14307
2103,21,1.019,4050
2105,21,0.812,9705
2106,21,1.264,4008
2107,21,0.316,469
2108,21,1.224,5556
2109,21,0.903,4011
2110,21,0.81,3689
2112,21,1.107,10795
2201,22,0.99,2446
2202,22,0.855,13384
2203,22,0.94,4228
2204,22,0.404,1726
2205,22,1.202,6206
2206,22,1.539,4021
2208,22,1.197,3683
2209,22,1.024,6528
2211,22,0.948,3091
2212,22,0.908,3944
2213,22,0.925,4631
2214,22,1.121,8239
2215,22,1.476,3013
2216,22,1.398,2597
2218,22,1.0,90
2220,22,0.591,12895
2221,22,1.318,4358
2222,22,0.915,3097
2301,23,0.732,9252
2302,23,1.0,1230
2303,23,0.856,3930
2304,23,0.851,3565
2305,23,0.813,5645
2306,23,0.801,3881
2307,23,0.878,5442
2403,24,1.162,3289
2404,24,0.957,5295
2405,24,1.514,3077
2406,24,0.906,6300
2407,24,0.449,3262
2409,24,1.342,9371
2410,24,1.0,4200
2411,24,1.132,3325
2415,24,1.75,2100
2416,24,0.903,4502
2419,24,0.704,10799
2421,24,1.3,825
2422,24,0.757,1726
2423,24,0.588,5925
2501,25,1.079,4365
2503,25,1.088,1662
2504,25,1.391,11787
2505,25,1.177,7380
3001,30,0.796,6433
3002,30,0.585,5935
3003,30,0.844,7727
3004,30,1.078,5043
3005,30,0.457,3687
3006,30,0.542,4200
3007,30,0.47,2684
3008,30,0.701,6961
3009,30,0.663,4054
3010,30,0.706,8626
3011,30,0.607,3028
3012,30,0.619,6428
3013,30,0.495,5481
3101,31,0.794,11747
3103,31,0.48,16336
3104,31,0.666,8221
3106,31,1.062,6013
3107,31,1.2,4225
3108,31,0.76,5562
3201,32,0.792,9199
3205,32,1.373,8525
3206,32,0.865,7613
3207,32,0.684,3457
3208,32,1.36,4484
3210,32,1.3,12171
3212,32,0.812,11759
3213,32,0.849,3495
3215,32,1.213,3871
3305,33,0.678,11784
3307,33,0.486,3675
3310,33,1.167,2100
3311,33,0.788,4025
3312,33,0.5,1050
3313,33,0.708,8953
3314,,0.5,700
3315,33,0.947,11337
3316,33,0.5,4900
3317,33,0.86,5075
3319,33,1.167,1050
3322,33,0.814,5775
3402,34,0.712,3169
3403,34,0.866,9151
3404,34,0.964,3726
3405,34,0.577,3900
3406,34,0.694,1904
3407,34,0.9,4954
3408,34,1.038,3871
3409,34,0.731,3151
3412,34,1.31,5818
3414,34,1.168,7192
3415,34,1.168,5682
3416,34,0.933,1673
3417,34,0.504,634
3419,34,0.46,8156
3423,34,0.469,6779
3424,34,0.874,8344
3426,34,0.524,6657
3427,34,0.62,1285
3429,34,0.814,5070
3502,35,1.027,6105
3504,35,0.0,31
3506,35,0.618,9746
3507,35,0.609,4445
3508,35,0.86,8071
3509,35,0.555,5513
3510,35,0.877,2592
3511,35,1.181,5263
3512,35,1.096,2145
3514,35,0.729,9711
3515,35,0.756,10005
3516,35,0.46,133
3517,35,0.927,3385
3518,35,0.743,7669
3519,35,0.73,8490
3520,35,0.725,10533
3521,35,0.634,4420
3526,35,1.154,12360
3528,35,1.045,6563
3532,35,1.547,2382
3601,36,0.455,10473
3603,36,0.891,9584
3604,36,1.231,2073
3605,36,0.846,10434
3606,36,0.438,2800
3608,36,0.566,5948
3609,36,0.869,6500
3612,36,0.722,45
3614,36,1.323,1790
3615,36,1.4,7971
3616,36,1.26,1494
3617,36,1.479,5674
3618,36,1.08,8761
3619,36,0.944,3790
3622,36,0.935,7986
3626,36,1.326,8543
3627,36,0.793,18144
3704,37,1.016,6193
3706,37,1.53,3957
3707,37,1.114,7875
3708,37,1.16,5250
3710,37,1.095,7330
3801,38,0.657,18911
3802,38,1.0,2800
3804,38,0.616,4442
3806,38,0.635,8159
3807,38,0.5,2800
3808,38,0.667,2100
3809,38,0.788,9111
3810,38,0.896,5048
3811,38,0.755,2858
3812,38,0.455,3850
3815,38,0.737,6650
3816,38,0.711,15750
3817,38,0.624,17299
3818,38,0.455,3850
3819,38,0.611,6300
3820,38,0.526,6650
3821,38,0.577,4550
3824,38,1.03,12603
3826,38,1.107,11375
3831,38,0.755,13894
3903,39,1.452,8265
3904,39,1.1,11242
3906,39,1.883,5906
3907,39,1.312,2800
3908,39,1.065,9382
3910,39,1.444,5882
3911,39,1.075,7000
3912,39,0.875,2800
3916,39,1.14,23360
3917,39,1.107,14997
3918,39,1.348,10500
3919,39,1.35,3500
4004,40,0.992,13068
4005,40,1.251,3991
4007,40,0.5,700
4008,40,1.2,1750
4010,40,1.284,13728
4011,40,1.039,14668
4012,40,1.514,6538
4013,40,0.222,3139
4014,40,0.968,18476
4015,40,0.821,19430
4016,40,0.911,19563
4017,40,0.844,14548
4019,40,0.684,24889
4020,40,0.0,350
4022,40,0.0,211
