O,1,2,3,4,5,6,7,8,9,10,11,12,13,14,15,16,17,18,19,20,21,22,23,24,25,30,31,32,33,34,35,36,37,38,39,40
1,51411.27467683043,5614.427726802295,1667.1349607518976,0.0,356.07607330828745,420.55439102992705,435.97155244286415,308.850557293722,433.1679572130629,0.0,0.0,628.239807729146,123.68407193700355,361.4498422966496,217.17750015007567,184.73490306608497,36.83976325620113,91.60157251155803,58.620956481344905,0.0,200.54361627930479,63.62891721775912,207.96352272913612,126.24351230376757,0.0,108.60733794525659,283.66004469605093,0.0,499.8873965904197,4404.959635761327,62.07133450489418,0.0,0.0,0.0,75.42913675440109,0.0
2,4852.41274514076,75579.29379886694,6601.197020943221,269.51951953490044,535.9759870564562,836.4533917663438,1071.2706455736102,414.6116417558182,1074.6684258977011,11.641094492770565,139.51580530028923,2535.4959668477813,816.0486924555642,231.60432209043216,1857.5723665748512,193.09724281310756,263.58318580339227,341.30225844251646,0.0,515.7640877960259,811.7655969929891,325.9926439062066,599.8299011112239,0.0,2.1640362729851494,735.0545909165671,0.0,35.01959490235922,0.0,2443.4957492827734,344.2706549184445,0.0,0.0,0.0,10.859831254870254,350.0
3,565.1172931744868,5549.089124888525,89123.27525954353,639.5449040072831,0.0,205.72934722013812,777.3319476914999,0.0,387.41920100646587,273.95110298540925,0.0,718.7705547628047,14.756732168627103,32.44263551199995,434.6665880911545,284.187036377339,681.9016096177435,222.2998090484008,26.25003274335146,0.0,138.18484422155217,0.0,81.78208807815736,33.90206117286221,0.0,1364.3050452276045,0.0,1414.5669775132956,835.0694906224701,1443.9904347810282,896.656454248416,111.79641067923943,0.0,34.360754992084175,44.18495023701495,226.18879523616303
4,814.8619217961816,2365.4601037082075,344.3512956654166,52344.872859518415,68.19809161594708,317.5760613475075,1601.6831755456906,45.42021372461277,2061.552495057062,1723.9593068053468,157.17700469453342,2573.6756349522307,868.21871128063,811.9958075024355,275.9536880916849,1401.6402535202756,691.4891766560633,1248.4831952525383,418.95557935002535,178.73154898351518,490.8541707018035,256.6354219247732,0.0,292.6121315460039,0.0,728.6698883417015,0.0,0.0,561.504472400732,430.831291115818,143.13071795680213,87.01176270452689,0.0,326.8579295442945,117.34273521343377,0.0
5,0.0,752.1804033299522,184.8400985382607,0.0,13980.54464767822,2503.343637960761,1618.9807572773534,734.3527660351336,836.7177555307995,0.0,23.498313545696096,2615.19779847204,283.2159700601187,227.31686865983835,498.40951689256497,208.84104327517525,554.5553923580408,506.93461362739674,0.0,0.0,46.0514828342754,25.86502815378754,85.64458843207603,59.55755550316893,0.0,0.0,0.0,0.0,0.0,0.0,0.0,0.0,0.0,0.0,0.0,50.07251643606956
6,375.17932941023446,1150.4607562220376,827.509117299186,0.0,3210.3430636004855,18192.95333926569,2468.8815551142648,2947.6937484758405,1585.8254489413384,0.0,38.511856177555245,2554.7550828462645,992.8784171157396,319.6060875972304,1215.4384278813768,206.90945376665562,299.7316529615397,1238.033419624878,0.0,0.0,283.80041272207865,194.46387561323002,328.9777420481835,385.9198870173439,0.0,0.0,0.0,0.0,0.0,0.0,492.212340353998,201.80239673554627,0.0,0.0,0.0,57.44920489338427
7,661.9245793321214,1645.0968335725902,206.78840177286696,106.72614072268851,850.897751171293,2188.019609520005,19494.408806391017,859.9097173678942,910.2725804702934,0.0,66.31165501411755,3102.945946948953,623.1495041987135,328.3102825302588,752.718918619687,892.209697652128,297.21832036605826,224.3443423169338,154.32162196693866,50.793860402084434,0.0,136.903122694762,276.5828925230112,227.0501428362958,0.0,0.0,0.0,0.0,52.55292251956756,33.467751699630526,0.0,53.42125805245008,0.0,0.0,290.03078557017363,83.08461992171866
8,51.47821929790726,652.6105905013331,469.314507771897,0.0,1427.4417452882108,3541.8508662309255,1894.2026793238472,14770.16368436711,159.94215576661514,0.0,175.0,2485.955530087314,547.2483645222342,507.32024076607973,884.5126211187252,611.8860532539534,354.9321826770133,257.8718281925511,0.0,49.125855551199365,626.5332883766712,58.94464388191026,50.22419150646716,86.44949783474212,243.463547836152,0.0,0.0,81.60114424671413,112.67517872223205,0.0,169.755967577787,0.0,0.0,60.14841027898552,0.0,0.0
9,112.8375129877028,545.3939786547832,121.15073488017914,35.57538024089617,343.58625898318587,1682.426520904,1534.705004194719,1034.986949591664,38798.83709533859,0.0,1341.809461682487,2527.8965956872357,757.8383876471897,457.0825028018081,1297.8320434326627,873.9700552005467,1724.5656515876317,1364.7280812599038,78.55012123013694,98.42042476221096,456.17939153864097,91.81182153926125,1280.4766472063,85.02030779971068,0.0,0.0,111.29546489809157,0.0,172.49843211273313,269.0333351982547,222.77060119787492,0.0,0.0,0.0,156.1382522458064,315.8127140294018
10,48.46697453014414,61.72242590196723,331.3562454380298,601.8107661599092,15.876753277915926,15.876753277915926,28.115377266172352,104.76306986996855,0.0,18197.227117434195,216.3584711105492,104.17327074604088,186.8744137071139,182.60219042396045,42.81832627358607,114.44917389817707,34.959382244003784,0.0,317.89515401374297,261.68514312217167,427.75856749469875,266.91422699696176,22.757899408450847,147.60576592273725,0.0,699.4054181598096,0.0,82.40714126228951,0.0,142.93030123309813,229.98655586603047,283.8187978498368,0.0,0.0,56.03477847610228,206.4149369818579
11,62.62859271499835,10.17865579708757,559.035061298994,158.25002100234664,72.51915748830811,225.21294997547588,690.369506390439,135.65679730263895,895.5830025466088,0.0,18776.348230082636,148.2627463986022,183.53007433908587,354.271212732962,528.1308967642196,97.5479702248766,90.06950714223854,523.9191228211304,41.951682573612004,99.15561768641945,1883.895158997001,665.6436315702757,80.51970756402149,84.42044780583393,0.0,10.072590217599114,0.0,30.174884516335805,24.731617207143174,0.0,165.5763475309631,58.094917808487715,0.0,0.0,11.921890044812518,57.83873294728126
12,0.0,280.99524173900335,54.68140308634797,152.58248734535928,221.26976254495054,233.94818394471108,604.7038882961524,599.465034964967,498.7942061290936,87.49429802481636,18.045804912993262,4188.934178994781,267.38704348436414,589.6547361397705,897.7626257272915,519.7985072290813,421.13103849398505,393.0835488302125,23.060402444308796,0.0,0.0,38.7442453331153,141.8147245783166,67.98138293611005,0.0,0.0,0.0,23.26634860154269,0.0,0.0,0.0,0.0,87.50000000000001,138.82219243460588,0.0,154.02567408976495
13,0.0,0.0,24.820762422084602,93.68067045443166,36.25964067484622,43.77899189918296,111.85242373550085,0.0,196.11589614967383,8.646793694210498,5.146740411437238,368.4988792332157,4127.09051828781,2098.4984412437193,2091.1761001424234,823.2122542729302,501.274441720136,493.69784408885863,74.40058754151617,181.85399053399323,0.0,126.06573623251647,54.90941036735035,103.51067074396789,0.0,0.0,0.0,0.0,0.0,47.2354209282272,0.0,0.0,43.62141441722619,0.0,35.51368869522494,0.0
14,14.925129495050879,72.1657786677481,290.6385201780863,0.0,43.66148421029973,48.58904965127341,122.42524614743179,70.64603164903974,284.07292828320254,17.293587388420995,75.36996071529389,1193.9541646927773,3278.446715957364,15400.041254921469,2939.972208473994,4586.525747245644,1834.2863391031083,634.6018856464261,60.74750436043351,24.55171568881881,190.50521299159877,481.17755727053463,190.255414460409,245.6940761358861,17.35989827637033,0.0,0.0,13.526912907479375,0.0,94.4708418564544,42.34791459103752,34.43466075687643,87.24282883445238,0.0,0.0,0.0
15,31.64803242173204,280.6326632642365,0.0,0.0,0.0,274.3869200451261,98.0844847077991,356.83013004488066,375.32759626510966,0.0,735.1789658495652,921.9180260781538,3233.768893133444,3595.4241375892116,14709.899709593124,4588.338828254981,809.2767723130303,284.45338094329384,118.98652484129616,111.02268223188842,0.0,419.82683494709465,104.9666095471936,2056.8529386742625,0.0,0.0,42.93946873111411,0.0,59.82316508900118,0.0,287.6972183492956,0.0,0.0,0.0,359.33388667900545,245.5439410560518
16,185.14874354619246,499.8806305407673,361.0528351040233,50.007817097664585,186.49771074147225,293.8863727259708,243.180621857558,130.48598413035802,255.2204088574112,25.940381082631497,186.89800562606703,2999.567001111849,4014.0707680292376,5267.297067719185,8492.646493189826,36260.430253613835,8682.820397347414,2688.965956294851,49.928346430195845,8.685367585021867,541.0929796138438,288.5799044934573,1027.8016668499972,1849.7000364078235,52.07969482911099,0.0,0.0,40.58073872243813,0.0,0.0,160.70456136858945,57.777138276911614,0.0,0.0,149.25336278261165,152.69731395775028
17,335.97880888487987,678.2640552678288,88.68018469903562,195.34106202274376,328.24911040359973,461.5024051831115,216.14091862961484,177.85508527844897,198.97589627900902,0.0,266.2218571364868,1862.4941289377916,3146.7078826279353,4029.2810368544338,2354.1794417961587,8597.899544001786,33564.80446988092,948.6696939548889,0.0,0.0,281.43876344228875,103.33441632801988,163.8211915972796,772.9968172986386,17.647111054394607,377.65271033107416,0.0,37.30869090889179,0.0,37.3086909088918,139.63733854557498,98.60808341721264,0.0,0.0,346.9731173589491,140.56768542112945
18,31.215331136747565,38.9576216129561,127.49576932363937,2.5,0.0,38.98744192796273,38.98744192796273,8.838316036762578,113.64835838076655,0.0,309.4553350757444,1206.2424596919457,498.11031286771373,743.0005391809259,1508.3670080076836,1500.0996691018538,1914.9915154989244,12516.285307265203,24.490319736842338,0.0,248.967030989363,0.0,694.4757674351965,303.089590219958,175.0,0.0,0.0,0.0,0.0,0.0,0.0,0.0,87.50000000000001,0.0,18.683647813855835,30.001078889028385
19,875.0,350.0,183.22869829172095,525.0,71.59124454836797,71.59124454836797,0.0,0.0,0.0,256.49074289346584,471.7154905564059,700.0,775.3383729133811,277.0833333333333,1050.0,3126.415438241052,631.345865577769,175.0,98911.74685165964,6432.878394119934,1542.7089515479372,1750.0,1043.6717062467144,0.0,0.0,2398.1278965235033,0.0,1317.343412493429,0.0,0.0,3505.3819020271644,3478.1671428994127,175.0,1050.0,175.0,1050.0
20,0.0,0.0,0.0,0.0,0.0,0.0,350.0,0.0,0.0,0.0,0.0,303.1650754631171,0.0,37.78552902599664,0.0,0.0,48.2130606168512,113.83996186744311,4947.351346645939,20681.25376059109,1237.717714915098,243.25177927471353,140.0,0.0,0.0,0.0,11.641094492770565,2.5,0.0,0.0,679.8759304277334,1444.0006126662188,214.0022100987812,123.45688792014644,0.0,0.0
21,61.72088628208837,265.4818349006026,0.0,0.0,71.59124454836797,220.43044552019677,0.0,236.857654504927,541.1510977669834,93.88080196365853,350.0,385.9735116819968,31.809431900864897,63.618863801729795,574.2732670484158,238.81190701654256,0.0,485.40888492222825,1257.0752211222846,1372.7615354672753,37000.21392421085,2787.870097100669,266.4438646248789,0.0,0.0,0.0,0.0,283.089091820706,0.0,0.0,811.0672352518935,1443.8384761322866,0.0,62.579725481890335,0.0,834.5692583552907
22,82.37071612357859,433.72687789579265,0.0,274.461599589445,154.13344791027544,274.8329859756186,773.9550510069475,77.82838171904031,259.9391611575476,137.2307997947225,437.90440839014354,1762.6770197507376,267.175979790844,241.15761451369715,1051.1940454093044,1806.6715015799111,323.29979994263783,2350.355294517881,805.2046362373223,998.4856741566009,2281.3417487698225,55456.58997224326,3952.3980207041827,402.3161396788418,822.1240014061106,0.0,0.0,191.19638921693385,0.0,130.08679409519763,378.72224000420726,1064.8533277585161,384.80809263899835,75.37458154720314,799.8110942972185,701.6952633074709
23,0.0,0.0,68.84006149437225,0.0,0.0,75.20869489609669,0.0,0.0,0.0,0.0,112.24117489259748,960.3367794572168,514.7939523602372,537.8126141064106,684.0681814030063,1791.3904424657214,794.681520138116,24.602685193233228,90.09229888841396,15.067180469700793,175.0,1272.6151464342468,16480.514346799468,439.9138068479314,561.0688206103983,0.0,0.0,0.0,0.0,0.0,0.0,174.50735169743746,0.0,0.0,252.0942997164421,131.07454131034388
24,0.0,232.3888981904149,0.0,0.0,0.0,175.0,0.0,0.0,175.0,0.0,0.0,1097.0376048122394,595.1467454810156,2138.3556039877817,4256.074841830306,2887.122116533178,175.0,180.00000000000003,0.0,141.07606084548814,0.0,7.058685605093053,255.30535639744647,34197.9727281739,2461.269073468541,0.0,0.0,0.0,0.0,0.0,0.0,0.0,0.0,0.0,1083.4619169525877,421.40793711315047
25,0.0,700.0,0.0,0.0,0.0,0.0,0.0,0.0,0.0,0.0,0.0,372.5378266002749,0.0,175.0,1078.0820045564128,86.42576747538725,137.20743734442888,164.0359182350033,0.0,350.0,0.0,109.10383447243652,245.23014381072858,471.4604937972468,21978.30619630237,0.0,0.0,0.0,0.0,0.0,0.0,97.1434954921964,0.0,0.0,3568.1366732409406,605.7525913120309
30,473.5883390337981,71.01183069428349,1857.5084354078688,981.709389641497,142.63744283634392,0.0,0.0,0.0,212.9971792971608,588.7943456453019,0.0,88.30572938852438,239.37036222293816,0.0,629.8804919400168,350.0,180.6346221335047,158.0727989112073,203.06391381109438,175.0,293.25659435870773,0.0,0.0,175.0,0.0,39906.02005205497,71.31872141817196,175.0,431.056296082238,162.1190166869091,2429.094333311884,364.5510616000225,0.0,34.360754992084175,294.8626876230931,0.0
31,175.0,126.59899893584311,175.0,0.0,0.0,0.0,0.0,0.0,0.0,0.0,0.0,175.0,0.0,0.0,0.0,94.14588277760087,0.0,0.0,0.0,0.0,0.0,0.0,0.0,0.0,0.0,0.0,34415.51111291931,2541.527592073462,331.55707651163647,27.53673590377044,828.7939551577912,0.0,340.76953730558364,0.0,0.0,0.0
32,2.5,0.0,808.2977901630007,0.0,8.369186863674962,8.369186863674962,0.0,0.0,0.0,0.0,0.0,0.0,0.0,72.402802751548,0.0,18.100700687887,0.0,0.0,0.0,0.0,144.5183063301827,0.0,0.0,0.0,0.0,11.934115306306943,1039.1554251418906,56876.66036026272,4682.2690133525575,0.0,612.015627775422,29.22682232161576,0.0,0.0,0.0,175.0
33,175.0,525.0,2564.257471736985,0.0,0.0,0.0,0.0,0.0,0.0,0.0,0.0,175.0,0.0,0.0,0.0,175.0,0.0,0.0,280.0,70.0,0.0,0.0,0.0,0.0,0.0,0.0,489.9091556525008,3484.2096796298474,40416.168597524025,505.9987003356271,1087.244084774538,193.57035396969735,0.0,0.0,0.0,0.0
34,5269.091879961857,1372.6948486856136,1852.7880270788385,169.74312825157656,0.0,0.0,42.20554603714546,0.0,0.0,0.0,0.0,538.019487252622,512.0511826401748,0.0,196.6324639762286,106.39525692795198,0.0,42.26199691636937,52.55699785320066,0.0,42.26199691636938,305.08679409519766,0.0,0.0,0.0,0.0,67.81370571516663,234.2698178742528,1673.4450551170949,60449.07439241858,0.0,395.91719427370765,0.0,0.0,58.080871600219815,91.06497229016415
35,87.5,589.0382596308269,1486.6513857816085,174.9208936733328,7.312572438237324,58.30290821924822,29.578015251507903,350.0,144.983681633844,0.0,0.0,195.4799068918976,0.0,0.0,0.0,0.0,0.0,55.57365467642799,1473.511762319949,16.43618516097053,325.0368816758253,686.8530246109868,42.51575613636314,0.0,0.0,0.0,586.288114951228,386.576262949627,513.7160637690388,185.79180080198557,89275.9552532616,4934.504151016798,782.4666779827123,0.0,0.0,748.4780776561792
36,87.5,0.0,0.0,0.0,9.812572438237323,9.812572438237323,0.0,0.0,0.0,0.0,45.8100547800859,193.09408425292025,0.8333333333333333,1.6666666666666665,180.00000000000003,0.0,0.0,53.21257936005968,1864.6956500397248,1079.9205077857735,3251.432359471856,1047.225496227033,226.32227465712185,17.8427078613902,0.0,175.0,0.0,686.7842617457076,273.7671294206848,847.3891017992062,2805.630414743782,74934.89943047984,3546.2114284170507,513.4510958657011,0.0,1226.25
37,0.0,0.0,0.0,0.0,0.0,0.0,0.0,0.0,0.0,0.0,0.0,87.50000000000001,0.0,0.0,0.0,0.0,0.0,87.50000000000001,403.76185283888543,241.25801622181194,346.6447422980541,0.0,0.0,0.0,0.0,0.0,328.68424523807937,0.0,0.0,0.0,688.3968402832833,1651.5078137969415,27497.536233097115,0.0,124.25331024027928,0.0
38,0.0,0.0,0.0,0.0,0.0,0.0,0.0,0.0,0.0,0.0,0.0,406.29725947970803,550.2479193320595,0.0,350.0,0.0,0.0,0.0,350.0,0.0,175.0,875.0,700.0,0.0,14.170138929279412,0.0,0.0,0.0,0.0,0.0,175.0,3167.4836212425894,350.00000000000006,74956.69851452843,8650.743757996179,12745.588891469333
39,0.0,0.0,0.0,0.0,175.0,175.0,0.0,0.0,0.0,0.0,0.0,175.00000000000003,700.0,0.0,2231.7351088135138,350.0,0.0,368.6836478138558,0.0,0.0,0.0,350.0,0.0,530.0,4970.640467585634,0.0,0.0,0.0,0.0,0.0,0.0,0.0,0.0,172.61433532326288,83759.79327831134,9247.823388202594
40,0.0,0.0,175.0,0.0,0.0,163.4676004370112,0.0,0.0,0.0,0.0,0.0,650.390276171883,152.56380074744737,0.0,0.0,264.45850211226724,1420.7091527274158,0.0,0.0,0.0,0.0,89.45850211226721,0.0,0.0,944.412215282382,0.0,0.0,175.0,0.0,0.0,107.12804618219901,107.12804618219901,0.0,1369.0754578386227,4710.469735009853,110796.17085419009
