origin_gs,10,21,22,23,24,25,26,27,31,32,33,34,35,36,37,38,41,42,43,44,45,46,47,48,49
10,0.9332894182325402,0.014738560486117876,0.00018370493756791437,0.000675691474738695,0.008869114359052951,0.008998422553779846,0.00016828967926425434,0.003326314867898148,0.0025019978257265854,7.731679923512966e-05,0.004138403320531628,0.0,0.0025338181493541508,0.005308614188278499,0.0002549800844112806,0.0013441945313257453,0.0006601607751848062,0.0011207017458937211,9.143425796649419e-05,0.00021868962814642655,0.00400672308192571,0.0003711926379276306,0.00013727843187518048,0.00023637680995455547,0.006748601141302529
21,0.1478658223303495,0.7298405564801105,0.005305553450785337,0.0,0.006919913299531588,0.013793229679880371,0.0,0.0069234659235524595,0.0406294386390463,0.0,0.031015922111268517,0.0,0.0,0.0,0.0,0.0,0.017394775941266864,0.0,0.0,0.0,0.0,0.0,0.0,0.0,0.00031132214420846423
22,0.05912706263329624,0.014435648627187565,0.7766756742636785,0.0,0.0,0.0,0.0,0.0,0.05166923701635624,0.006722902890093745,0.020332627347383274,0.010604448893260373,0.0,0.01022454004830231,0.0,0.0,0.03547139619862142,0.0,0.0026249828389176915,0.0,0.002948692125998005,0.0,0.0026040019840180536,0.0,0.006558785132886399
23,0.16289717904248924,0.01633308681203777,0.011313383531576784,0.7232863432691278,0.002025699735643008,0.0007880151136951635,0.0,0.0011917960837607264,0.012293817785110907,0.0010613881192863758,0.0040333823054714574,0.0033949097086408172,0.026481481381140627,0.003663242419077942,0.0,0.0,0.00716457413801177,0.008426185234429971,0.0,0.0,0.0022766229641175265,0.0,0.004661567120236103,0.004353343363863235,0.004353981872282934
24,0.13153003693641038,0.002749640017383714,0.0,0.007102796144629847,0.7082566900059184,0.03860603656211659,0.0,0.0,0.0010739537032283465,0.0,0.005745116452432072,0.0,0.0173907849131527,0.044979102116061806,0.0023733100361927376,0.0035182228876108105,0.0,0.0005441377326602029,0.0,0.0,0.005001918672558315,0.005462395991925809,0.011717482189397367,0.00025841966651603845,0.013689955971804908
25,0.07258604670602711,0.01013138680842323,0.0,0.0,0.02999703223824808,0.7171626157273345,0.0,0.0,0.0,0.0,0.0,0.0,0.007151722237598296,0.0369815656864465,0.07024926675008161,0.018555139544310283,0.0,0.0,0.003974957535383301,0.0,0.0019424533573415125,0.0,0.018258908841353422,0.0,0.013008904567452094
26,0.20629144857793372,0.0,0.0,0.0,0.004704309419287843,0.036411847048714925,0.6781226997061877,0.0033657990918330113,0.0,0.0,0.002525720491407829,0.0,0.0037759944215802516,0.0,0.01896823618323806,0.01829010640837242,0.0,0.0,0.0,0.0,0.0,0.0,0.009735109000040263,0.0,0.017808729651403905
27,0.34100131327218947,0.0,0.0,0.0,0.0,0.0,0.003375197433193466,0.5426686016613685,0.0,0.0,0.0,0.0,0.0,0.0,0.0002966733304577837,0.07860636311609734,0.0,0.0,0.0,0.0,0.0,0.0,0.0,0.0,0.03405185118669336
31,0.05960458819074983,0.06513134570249159,0.006439252218462081,0.0,0.0015380357297509937,0.0012647238223996444,0.0,0.0,0.7733470695314639,0.0018153788026086934,0.02556173104680597,0.0,0.0007084917481145048,0.0024237662740311094,0.0,0.0,0.059405196349658906,0.002760420583462768,0.0,0.0,0.0,0.0,0.0,0.0,0.0
32,0.02272214376096347,0.017111891185991088,0.023674489601063248,0.0041627169945330665,0.0,0.0,0.0,0.0,0.02150582373104484,0.7548565183423837,0.07086549278434422,0.009757579404249072,0.0,0.004848337315340896,0.0,0.006104599816637315,0.024982020013785813,0.007846267549841673,0.004569136029359555,0.0,0.017378969493537514,0.0,0.0031845111083987545,0.0,0.006429502868525922
33,0.020280600814911984,0.022124791265528628,0.006506959175995622,0.010177460483382564,0.0,0.0,0.0,0.0,0.0007997120627968869,0.014035720469227193,0.9006511907965925,0.005724493590953552,0.007494714300262995,0.0,0.0,0.0,0.006004885660010766,0.0010041470319697113,0.0008829786599314117,0.0003984566757642258,0.002448360898927605,0.0,0.001465528113744328,0.0,0.0
34,0.037358783860516435,0.001484580147727455,0.0,0.01798150682499885,0.007317133590620664,0.005184595102147628,0.0,0.007317133590620664,0.005044142503759799,0.0029819920693087056,0.0213064412859378,0.8015320540960195,0.006531552380125351,0.006130850506437482,0.0,0.0,0.0,0.0016945707051275374,0.007317133590620664,0.0,0.05027532727573038,0.0,0.014377774823936644,0.0,0.0061644276463646355
35,0.05340652989569386,0.003688235164040181,6.319606398149811e-05,0.0055711637607076874,0.00906855830981357,0.01693363299474225,0.0020225665028698794,0.0,0.004605291172483286,0.0,0.0025339682148761643,0.010891503279559404,0.7590592619070166,0.05025385536597108,0.00025897094385587147,0.0,0.0008259601129119019,0.0012290947739217065,0.008807853058679168,0.0020225665028698794,0.02584049872593911,0.0010728727656965256,0.023582098968299627,0.004163736219125707,0.014098585296945026
36,0.028827332306178163,0.004264511994149093,0.0,0.0,0.00642762750352644,0.0248497384129139,0.0,0.0022573208484638653,0.0,0.0,0.0,0.0,0.0912698168972953,0.760753391448791,0.004264511994149093,0.0,0.0,0.0,0.007713760072669593,0.0,0.022060719751753145,0.006002826264131315,0.039668807602265085,0.0,0.001639634903713958
37,0.21690123904224712,0.0,0.0,0.0,0.21690123904224712,0.0,0.0,0.0,0.0,0.0,0.0,0.0,0.0,0.0,0.22364876004787368,0.0,0.34254876186763206,0.0,0.0,0.0,0.0,0.0,0.0,0.0,0.0
38,0.05646597044240129,0.018194933420211248,0.0,0.0,0.0,0.0,0.006374208770378623,0.010880289235789478,0.0,0.0,0.0,0.0,0.009097466710105624,0.0,0.0,0.7867820367987113,0.0,0.0,0.0,0.0,0.0,0.0,0.005050055521963157,0.009055502755014195,0.09809953634542494
41,0.0124992773916135,0.004240823800918385,0.004903588564714682,0.003948021127129983,0.0,0.0,0.0,0.0,0.07765778266962553,0.0009013754182909147,0.032399175297411396,0.0,0.0026722932781177056,0.0,0.0,0.0,0.8300902233737062,0.02394220084831756,0.0032634485316354873,0.0009446651743235256,0.0,0.0,0.0,0.0,0.0025371245241952653
42,0.011778393819561268,0.008556903984618882,0.0074242382084246,0.0,0.0,0.0,0.0,0.0,0.0074242382084246,0.0005663328880971408,0.041774577413789725,0.0,0.0,0.0,0.0,0.0,0.014128217635884666,0.7981397539022668,0.07257663748218435,0.0074242382084246,0.030206468248323314,0.0,0.0,0.0,0.0
43,0.0,0.0,0.0,0.0,0.0,0.0,0.0,0.0,0.0,0.014674652057099544,0.0,0.0,0.004650728839507395,0.0,0.0,0.0,0.005631657106846507,0.057667356707351236,0.886006194342766,0.017008209885487735,0.008729543954095089,0.0,0.0,0.0,0.005631657106846507
44,0.0,0.0,0.0,0.0,0.0,0.0,0.0,0.0,0.0,0.0,0.0,0.0,0.0,0.0,0.0,0.0,0.0007323461482114218,0.01042456671168899,0.07718880990866218,0.8760578161180387,0.02510339821094424,0.010493062902454465,0.0,0.0,0.0
45,0.004605839976688729,0.000838137864190852,0.005164229691137764,0.0,0.0,0.00647415539097235,0.0,0.0,0.0,0.004548223886141618,0.009210285977238787,0.0,0.018232561155912413,0.0017897906711718823,0.0,0.0,0.0033734769188873566,0.0030051017387057364,0.002798416640229209,0.013817716142870765,0.9059055763588992,0.007319310739083624,0.011654380283468997,0.0,0.0012627965644006597
46,0.010860164168813703,0.0,0.0,0.0,0.0,0.0,0.0,0.0,0.0,0.0,0.0,0.0,0.010440285730796894,0.012064841019809917,0.0,0.0,0.0,0.0,0.0,0.010198756751394757,0.015117158225628785,0.8755329866549204,0.0580748854616186,0.0,0.007710921987016993
47,0.007598807726948396,0.0,0.0,0.0,0.0034954170166103756,0.010344515625027565,0.0,0.0,0.0,0.0,0.0,0.0,0.007342862600042007,0.051561578260567585,0.0,0.0,0.0,0.0,0.00945564782899285,0.0,0.008099962251122953,0.03538061903928456,0.8457641136181471,0.003298526995403226,0.017657949037853293
48,0.009780031271824833,0.0,0.0,0.0,0.0,0.0058885723084304035,0.0,0.0,0.0,0.0,0.0,0.0,0.0058885723084304035,0.0,0.0058885723084304035,0.0,0.0,0.0,0.0029442861542152018,0.0,0.0,0.0029442861542152018,0.06402179549564638,0.739105738780209,0.16353814521859816
49,0.017499528073575094,0.0,0.0,0.0,0.0,0.0,0.0,0.0016124086768804793,0.0,0.0,0.0,0.0,0.0015896986955159654,0.0,0.0015896986955159654,0.03215145170419738,0.0,0.0,0.0,0.0,0.0,0.0,0.0015896986955159654,0.003179397391031931,0.9407881180677672
