origin_sz,1,2,3,4,5,6,7,8,9,10,11,12,13,14,15,16,17,18,19,20,21,22,23,24,25,30,31,32,33,34,35,36,37,38,39,40
1,0.346935584271058,0.1894820650890569,0.054803963425078886,0.01617988407191926,0.009868459203361036,0.024349169731595226,0.03472423567346169,0.009812464470943458,0.009125171891449511,0.0005693827251128956,0.0013669592758678425,0.06232424077294104,0.02052637467690282,0.019358427383207318,0.014997546936975387,0.014732289537985718,0.012476800429931661,0.018707535260382054,0.0030326787387099006,0.005673547384837679,0.002617659562364905,0.0038290511200319206,0.004239533646839465,0.0043525017162281835,0.0006575666674760759,0.01088316147742945,0.0014527147602999215,0.0023890196057462457,0.0075519359432820055,0.08067029313877182,0.003421456374510257,0.0029479513233641465,0.0012494005756030222,0.0010532004152614559,0.0019396138897867757,0.0016981588322259125
2,0.08768928273924359,0.3544170309673867,0.08418315529849699,0.08185282147400084,0.013564653415427168,0.02392003413565739,0.047863279023379085,0.011130850415183302,0.014449829747545757,0.0011456234128957524,0.002408079795302324,0.06657397602433975,0.017318636623354516,0.019306446639943,0.013117184209600835,0.017366939202821695,0.01838604870278445,0.018845374330193097,0.005754559195357583,0.004716741273572747,0.002160391219448399,0.004782454859823568,0.005192175218103639,0.004806039399077666,0.0007476729038631811,0.016681490075726117,0.001800528976070708,0.0031592150948301654,0.004481014314416253,0.03351540642532123,0.005490174052642188,0.004598228045771485,0.0013500812048836683,0.0023799112273262275,0.0023441859475062574,0.002500484408702557
3,0.016911539537451694,0.07445397030397032,0.5045387749832968,0.043466160750827175,0.004950865807670516,0.009130148402331329,0.01750192141387394,0.0043350546965645245,0.007690213888087597,0.0025929876167460073,0.001969710950616052,0.02421508643525538,0.007587536263122402,0.00767031869739574,0.007265463799094729,0.00960480864330344,0.009428332748439787,0.007593310179686334,0.008530675152334027,0.007591434538540951,0.0026639099585035624,0.0050537422984024815,0.0032322275824812606,0.0033214354092742935,0.0005989886025683,0.09850761259131607,0.003933208276646629,0.010336332328713158,0.02320428974355584,0.03550648132994748,0.02026978379613226,0.006654502211392242,0.0028334181172960165,0.0026324747136941937,0.0020194003219988006,0.0022038779094684397
4,0.008887081077628853,0.06466116130479277,0.03766588907658387,0.39765847511778013,0.009494087528816747,0.023560202514174972,0.04810556291569632,0.011459258634534807,0.039482083708856454,0.00472897313643872,0.00958933321393704,0.08035953093217825,0.018383849887452546,0.024154945885833994,0.014897386630398024,0.03197567518355175,0.025703169969948755,0.035651091870593295,0.015064095667036348,0.011531511361924335,0.005093539378291406,0.011716975526969795,0.00937883236350326,0.0068943758661089306,0.0010304826188650934,0.01735914132434434,0.0010119711517916957,0.0020442005194821746,0.0021725222319462184,0.0056320028216524775,0.005319527906889946,0.006667465225951745,0.0015707459974213767,0.00377538856708274,0.0034871694364039477,0.003832293445137028
5,0.008895265227850443,0.04418846727654842,0.02314914928108369,0.015724639320032856,0.17532617764435876,0.0465904224111446,0.05703523589473528,0.03452645386395961,0.032898208644481904,0.0004482630689218785,0.004240772898624181,0.19799541395198292,0.04653998022181384,0.06209459923232325,0.031238000276375303,0.03969097985892746,0.048692783596948765,0.0604618364338006,0.0024137095782612817,0.004854052494770758,0.004466683375031031,0.008318318326575883,0.01450069304954347,0.00983034280932225,0.0013475903776754333,0.0060193089286173585,0.0007530045956963225,0.000999028102939312,0.0015502222117519187,0.0029861213467157256,0.002643705629253372,0.002381533084680909,0.0008990043071845562,0.0010527104407254443,0.00276810562620992,0.0024792166111313133
6,0.011888561214377013,0.05773250919841076,0.026318345785218595,0.016008640741639872,0.03318738399198305,0.18712216018419434,0.04224149318917463,0.025457136437950115,0.03813459930388428,0.0005829042932222803,0.005902431795581761,0.17478853018972362,0.05022765571849119,0.05629732372560796,0.03822103179395163,0.03868138557769873,0.04614747605719559,0.06748716552863349,0.0038727089503529082,0.005272567652888872,0.0046818771822451566,0.010487274211189347,0.01109554664137934,0.011209087978857347,0.0016288966621250713,0.010435597535905285,0.0009409803034431133,0.0011593019737888733,0.0017694632357376251,0.003744364917918785,0.0037781269133134896,0.0047107276322167005,0.0010618961158242483,0.0014234754831199464,0.003300669573223291,0.0030007023095318533
7,0.008306187918552798,0.046495543151964226,0.016732174737592826,0.028172635912073366,0.01650301912912413,0.015653014466677263,0.38046605627136226,0.02182661293090192,0.0457968542753752,0.0009529077801077347,0.007758706743405007,0.12873101547500776,0.041856164985184796,0.04062982332646959,0.025740828428559487,0.029273704545307824,0.03344168491953785,0.05080344893900263,0.0037486597709029713,0.005343220196691288,0.004012264507020889,0.007293286640991797,0.00890450334180266,0.007567385665426027,0.0011056804624850485,0.005446610038406979,0.0006198860380857425,0.0009760706195140769,0.0014045026786329007,0.0029104910048299445,0.0023003443257033195,0.002364457124763936,0.0006736223533671326,0.0010391257175526177,0.003020707646766821,0.0021287979308494656
8,0.007755579560706319,0.03888217486646141,0.01841651010961949,0.012996172010472784,0.028598729522262212,0.034827008188698376,0.0638478455439687,0.18127598776295478,0.03552836095348592,0.0007854835200349921,0.006259786473050296,0.13402309801564127,0.05856322440585249,0.07035681092697366,0.037289865333271006,0.04557787724136081,0.08025420017884283,0.06702305719153732,0.003245400406993037,0.005098508832670708,0.003937377298083417,0.00992160257673075,0.008453398700272405,0.01351566010607041,0.001709837926956266,0.00838891818248058,0.0008765286450539162,0.0013686744598226926,0.0015186914736971245,0.002073237372645731,0.0032979092474950547,0.003351980715866364,0.0012519194937127176,0.001917780676542104,0.004809387644470663,0.003001414435241191
9,0.0072503762947263885,0.03618031151765829,0.01642363069078083,0.04845652912791382,0.020963657671022762,0.043197809491797606,0.09572938688492662,0.032462071244229236,0.13660749571148048,0.001028610341617161,0.02162200112634131,0.1625546121765679,0.04364818592509555,0.047757525964451944,0.026997833481943734,0.034443097057530375,0.0511723055240456,0.08075078905391168,0.004867869452562114,0.006458441821381672,0.0048841987455639025,0.015961704571877237,0.014701390596643991,0.01022254482708021,0.002233689124266526,0.006918295381025656,0.0008092655433801585,0.0011943851094449985,0.0014001036279977818,0.003469447745919717,0.004114872885463155,0.004618142043359996,0.0014681395284529837,0.002869341943147986,0.0036980084078180138,0.002863929358572587
10,0.008700044201182288,0.025737355555726635,0.04975422649203612,0.08949740852619673,0.008154542555338297,0.016891467579711505,0.022474768907911384,0.005142212215529963,0.016557830413820904,0.05371588101016698,0.009422747236708938,0.06511015130466771,0.013227151781615213,0.014043372173351039,0.01020229251911558,0.024573336591463817,0.021703085480222407,0.018992522843343712,0.14387092860156375,0.09482040511169706,0.0396011218628423,0.03563783264177164,0.0153350378941132,0.013381365125855367,0.0022334705527256513,0.05042922353451429,0.004078725719921724,0.005865911318619378,0.00578769749867236,0.005899621415930371,0.04288646913089801,0.02859976282526619,0.007094571251905116,0.01703342067365804,0.005611857614523014,0.007932179837413374
11,0.004213775150979226,0.020554179838504556,0.010842959810127626,0.045379103008825666,0.01044579103925628,0.02637538663394972,0.05449721853368511,0.013540101505412166,0.09820011358543053,0.0027614512151707582,0.06303017228279509,0.11309121986147531,0.04231334654022595,0.057379805341386834,0.021129179100699426,0.045633611288247486,0.07894863943348328,0.09370141624911928,0.00946354532935308,0.00923972274683984,0.01720612148836456,0.07362045619484427,0.034280879761616936,0.011090809420365085,0.0021846006850446426,0.005402570473594161,0.0010064361792532519,0.0014656298045894122,0.0013803978067666914,0.0029787526488570916,0.006838091348612378,0.006935999381919208,0.0017840145122629625,0.005147153993980144,0.004244721360458197,0.0036926264445038995
12,0.009216216674183368,0.03162407318776705,0.019323063013548115,0.048008490695740806,0.030139094575549495,0.034014178939573564,0.05220194628310826,0.02340863600144155,0.0366107429028681,0.0031190488488431374,0.009802858448018698,0.19223552287709905,0.04317035344475858,0.06106665710251323,0.031845466557089544,0.07223081422750369,0.10345009299424593,0.058142928549615544,0.009111641388700633,0.007444532903198511,0.006521188084851231,0.021723377746348867,0.01873878235699891,0.017120632688037027,0.0025678421049436352,0.005093373694322901,0.0013621041307807012,0.0024786982315608943,0.0027045238102654623,0.003817486689315115,0.006075671083328303,0.009213629537898562,0.0038798135270340702,0.007472035133851873,0.007384969346489014,0.0076795122186066635
13,0.004754436504807621,0.02145555148238575,0.006663830552126695,0.03429542629369769,0.0117080499536592,0.012143698977484569,0.022170006499982273,0.014090448532841433,0.018864930514855445,0.00700517785720131,0.004419280642820438,0.1308835895153596,0.15915194291971546,0.06970496986034037,0.06353239865424899,0.1087734685780003,0.12641091447801833,0.07510372664053143,0.009691655220965564,0.006246962216413798,0.003082211721392936,0.008426287401687372,0.014412240229329758,0.02677547820048509,0.002433263839448436,0.009462821644305987,0.0010562158114133839,0.001311362384500858,0.0010115795650035289,0.0017167946267615663,0.003120971740662785,0.004336145853804261,0.0015494138605276187,0.0038076612590823436,0.004837614916103381,0.005589471050034293
14,0.004041942266691963,0.016187376287746025,0.005195123742237659,0.022109185632219874,0.013588272613879494,0.012400626935274012,0.021353243066776183,0.013987953985439144,0.02022085788025184,0.005768862500072323,0.004591069595270339,0.10605490793161212,0.03604982321527664,0.26305712789632274,0.047180503535863706,0.14531024237920648,0.11058341918587852,0.05692683661454607,0.005086373051442654,0.003431245039002536,0.0027018947299186475,0.007795544385659546,0.015247784461986394,0.030945702443929555,0.0016076510677326414,0.00846759573411114,0.0005900259319833861,0.0007404714510511151,0.0008002511430401073,0.0012087108723245034,0.0020825149769848074,0.0030148013432183406,0.0010094881685196169,0.0022481046995429118,0.004519390685566485,0.0038950745494203275
15,0.006057218758333649,0.017908931946570027,0.008243846476013322,0.016253113133352537,0.011086740990201592,0.014388316788157097,0.01940065721866727,0.012288688926918302,0.013599259216034571,0.0007327497005824211,0.0036735016216289957,0.12212699099520825,0.05979194972646297,0.08924864914983315,0.1420532231086309,0.12939281106877093,0.14357333723314805,0.0650430024525888,0.00783903953290291,0.004652756349472952,0.0036365429081790805,0.008649543875402656,0.013307001259967543,0.048334527781596304,0.003135719543148745,0.003972100703302693,0.0008641091179672548,0.0008533226988315278,0.0010206597190293455,0.0015287118117466687,0.002550054695289595,0.0034738879099947546,0.0011169850743951246,0.0029580217104577073,0.010570359236503176,0.006673667560709245
16,0.003416444233970464,0.010541279645589924,0.00674392507459937,0.009476503830054944,0.007919746751062478,0.011172010265373039,0.017627663714563112,0.008630020237284321,0.011219571156258466,0.0003809527362665738,0.002497383751948846,0.08401975613974835,0.0582326040687482,0.09771078706591245,0.06071675949202922,0.3414007429385853,0.11081347855726002,0.05010854488194647,0.0033724138788780054,0.003690368116781348,0.002455881322121782,0.008524775671096914,0.016007179470598324,0.04059838376719123,0.0032692900476998083,0.007838408110432508,0.0005379933588384147,0.0007073754497394977,0.0009793733781538329,0.0012593675337690554,0.0019359043702007832,0.003000338388258222,0.0012037571840808863,0.0015774403911313348,0.006402309566848622,0.004011265452977924
17,0.0035439952094297837,0.012750135289334906,0.010204197893099906,0.006779107214395936,0.01257656831246488,0.01749418173571367,0.02086496940327525,0.012691246193425322,0.014087842452225965,0.0005347783533204781,0.004446853549424517,0.07766806113423275,0.05697616215044254,0.07280308082173767,0.0673117189589326,0.10837206857242034,0.36485297219024815,0.05135300690329707,0.003124354334075063,0.004705650148669859,0.0034723356290132117,0.012160112325324986,0.0146345521330883,0.021458477182831316,0.0021852242740532843,0.0065674547488844695,0.0005199570075978214,0.0007662522972974603,0.0008941597969837267,0.0010585010545036487,0.0020135666332903373,0.0024040161382486444,0.0010421129972695497,0.0010756220612904096,0.003972640166934056,0.00263406473322212
18,0.003914657575826707,0.01289335418747393,0.010982089173432458,0.017875261907217516,0.009911591328139993,0.015921358206154018,0.024368153725441946,0.014165223337838978,0.03129211971360818,0.0009726586642632886,0.012539837294177255,0.1339697134064465,0.058878627388692935,0.08046968758385772,0.039323248145338024,0.08691312274163422,0.14173604693934433,0.1741030173522576,0.006617464403182774,0.006907332386854146,0.005021133539153821,0.026740596293161587,0.026147124267265922,0.019212065671994967,0.003025425243142653,0.00589959103376361,0.0008447085098019861,0.0011607387426790807,0.001392198097204773,0.0016777843565971941,0.0038075638880914007,0.005811660931976541,0.002305288320107731,0.003271573808420878,0.00512134030942425,0.004806641526031125
19,0.003633407466542774,0.009607689640301459,0.012519983220940098,0.021401684077886098,0.0025851772500292964,0.006580239464741653,0.01244348611926253,0.002169453923407836,0.008721016480373104,0.01283033996447754,0.0031067253140306685,0.024756771879082883,0.008618643843509185,0.009207002709192247,0.006351491601980513,0.015579332783732703,0.015742026308436616,0.011077035046306478,0.3948259057536561,0.13152445658614936,0.04551515900232681,0.021118226489542723,0.00834631269221669,0.00829210391105477,0.0022514644386526796,0.012824853724807692,0.0038855817225680184,0.00526493742606903,0.005165581254450996,0.0028038708719349686,0.04755636283463405,0.07149095114662357,0.01734318397859368,0.02061486423203572,0.005420046910797072,0.008824629929652465
20,0.0025630752143581876,0.006275308940410722,0.010513693642928607,0.011708948681927511,0.0017559085738768814,0.003609128761584506,0.007874519132395771,0.0012601415983126874,0.0051898751415924045,0.009514462013494315,0.002328858668010498,0.019234994150901193,0.006276435283976707,0.006951151979053425,0.005801639909617102,0.0080622095766632,0.008871677446475448,0.007547346867922498,0.17452571224596278,0.4549075722510268,0.04534155361288119,0.014025225720572946,0.008682477220147377,0.005400391202376842,0.0014619153387075332,0.00959810284016174,0.0017965875848422572,0.0023754546913013473,0.0024374107303888845,0.0017380191903867998,0.025412958704640626,0.09554104376755099,0.010555833145801892,0.011768318907744626,0.0033637214183528867,0.005728325843650976
21,0.0024269589671486506,0.008788739335166376,0.012915888284684589,0.015881289005103008,0.004261749450070911,0.006168456481752104,0.009999691958639347,0.003601635494520277,0.009697520468790034,0.010385548658418379,0.004504975668598232,0.0380666934645007,0.010418851935558056,0.012549836843058998,0.009731303399815178,0.012936726189978856,0.013518166343601451,0.02153127279811605,0.16018102500466092,0.14843737989561015,0.18245768479629568,0.0762334721186155,0.027352340773682392,0.00624879630658686,0.002161755108434067,0.008091334991224969,0.0021292924194596602,0.0030605443731875257,0.002978764252768208,0.002274511388293425,0.017088359444113445,0.11307421779305453,0.013419772361457603,0.015555224967844818,0.004982867861834242,0.0068873513953547705
22,0.0023808854311091767,0.011892252394760725,0.008907707727109082,0.02059754710832802,0.006226764891496809,0.00896865373241542,0.01802978442002504,0.006555787104461227,0.020473915747289444,0.004480768392414664,0.01657074252134069,0.08833773578388371,0.0347318898669046,0.0340036445604788,0.026370891845235,0.04120919473095929,0.035839561351090954,0.060258822352019105,0.022024127830724275,0.02573919049766743,0.03872039440094514,0.21577690085286705,0.11831560260370545,0.01643857943837828,0.011251011381217872,0.00859415976087996,0.0020822394464549004,0.002491995134611659,0.0022906353240987995,0.0020866914602534923,0.00829415083140404,0.02833023998415277,0.005239846361276217,0.02127677694214097,0.01578869736787117,0.009422210420028844
23,0.0014010225278051549,0.010212424874495448,0.005476131595776819,0.01404923812733753,0.003056264651762015,0.006709681053156884,0.00992368992163377,0.003340112861582788,0.013300504552822098,0.0012005477601110162,0.006492187907710229,0.059188717622372655,0.03367486150203876,0.039898872408165434,0.029025879748432782,0.1136133111167663,0.06937149811710758,0.03549556586045256,0.007205312618078889,0.006961550527052612,0.00953856555753205,0.09681085190714638,0.2921742840012888,0.03572855644314312,0.017372281758356495,0.0027008970079887354,0.0018201374384311697,0.0014777579581191184,0.0011020691697611734,0.0021330095893157745,0.00281807037026132,0.008993875305179,0.002008751432864672,0.022496608388376013,0.02249363335558651,0.01073327496198834
24,0.00205781108129204,0.009039690026678171,0.004624271109768595,0.003482037391762853,0.0039187260314854765,0.007486526298066168,0.010425303126785402,0.004755084535198372,0.007943512102611114,0.00043699487853062955,0.0016900491421973248,0.05959643681369564,0.0626952026914841,0.07144063552946724,0.07770542733538986,0.1144000510783717,0.05811565898133198,0.027156036617255734,0.0033936078007855124,0.0021327158311166042,0.00227758631263783,0.012020963641282278,0.024194085585881996,0.21638889137744977,0.07261184136315857,0.0036356088701371414,0.0009154728618421047,0.001458381932238949,0.000937119057518614,0.0010730952181783099,0.001982986496457091,0.004120512971819522,0.001261132244840372,0.010587692180101993,0.07226425781282313,0.041774593670357754
25,0.0009721951233403627,0.004832790666087239,0.004187217638410948,0.0024974171522863446,0.0020993753124813634,0.0039021729707558587,0.0048586823194726484,0.001971864029662105,0.0038272349891458083,0.0006481913689457956,0.0016485479295173166,0.023256443421288134,0.018442487907565232,0.018360603982722205,0.03916221329983866,0.03124035506411765,0.01975268950577604,0.01148339582485186,0.0030719979581615917,0.002741066974563141,0.0034114925781498053,0.02338381407266737,0.035610942669022164,0.15047435859477218,0.23794511440378366,0.005903614765090674,0.0014363716859267142,0.0021779312821694936,0.0012617657892894712,0.0009367793757289728,0.0044396674048544455,0.006150325539594391,0.0039053166168936163,0.02521590895781686,0.20260774739574655,0.0961819054295033
30,0.010729067127122833,0.02995724455834681,0.2161335629247049,0.04553040327621459,0.0048143625998676495,0.012253460728673289,0.017722787708424753,0.002298181120591179,0.008274959864376256,0.009178933171783098,0.0022314796828542195,0.017135379878961902,0.006990623349010087,0.010155878745842502,0.008722261040102798,0.017892310150724428,0.01269766737438449,0.008705989463136478,0.02424761162121495,0.010010321053810377,0.004540951222574737,0.007865766168623353,0.00523818317934847,0.005762337213948725,0.0009658457308623931,0.3457138887206579,0.005152040956333669,0.011999218607913071,0.021929806214604757,0.014316865419378808,0.061174353746872044,0.01882977448750984,0.006059357464783332,0.007865599882384264,0.0030037226391637626,0.003899802904893387
31,0.0021840345237743664,0.0061047291153820595,0.0126095913587407,0.0025383087615617472,0.0005929516429834562,0.001554660889142284,0.001602801247608333,0.0010540709442168853,0.0011172805817985447,0.0011077675953590617,0.00032098009233718695,0.005998732244403284,0.0018303771700113726,0.0024169634482262923,0.0033817221768137787,0.002516851697274082,0.002992299604676701,0.002529013243809892,0.008214863251962789,0.0050954527841749996,0.0022869993196610976,0.004319612343032487,0.002518914589682883,0.0014280808882878968,0.0007652181214315346,0.007105357075793149,0.5409753520604698,0.18895527379108773,0.04788846818499797,0.006028322717571258,0.099908697778264,0.012181895773821692,0.01491451248485123,0.0017032136850752893,0.0014439835359551473,0.0018126452757590953
32,0.003124384609132298,0.00831527730242317,0.03236651656852465,0.003348222028392328,0.0005330783271499412,0.001270245404893326,0.0021419318068951593,0.0008655172127163613,0.0017011791365697702,0.00111530507756533,0.0006272757281218209,0.010326851338432905,0.0024628740512318598,0.002779077927829417,0.003065820799583496,0.00257057741150125,0.0034814312834714634,0.0033474083599569575,0.008652258535155893,0.007338336065681953,0.0021393628588325187,0.004759501019559352,0.0023071047841366366,0.0020977519757670424,0.0010021097109788326,0.011087052268264638,0.14658706098788177,0.4926468462401776,0.15343200872000914,0.007280300189043952,0.05605130739616355,0.009416395642527867,0.006037802959051714,0.0014093765394387913,0.0021758379896961917,0.0021366117432410534
33,0.005953723096108952,0.013367278515496872,0.08248118389034809,0.004634772811688559,0.0009965803460593792,0.0028435928654113565,0.0034473680774068315,0.0014635963266309655,0.0027810042225207307,0.0007850600758107415,0.0009568827522209193,0.01053440951459183,0.0024094634547730267,0.003208893334440726,0.0022440183189913897,0.003031301442755276,0.002928840025209346,0.0031932513004212845,0.009863741808642391,0.007635165250019058,0.002374306387196388,0.003598622681088149,0.001861449550117675,0.0017322909721503251,0.0006852289762115997,0.014572080323027205,0.031518759991442644,0.10812023214024633,0.5668362103091794,0.027243933676925885,0.06174980050611561,0.007733766957067332,0.0027566598996774288,0.0013940440964434028,0.001280414204800527,0.0017820718987622984
34,0.11657444025640464,0.10117192065363652,0.16418568502504444,0.019009481271856282,0.0028414148780810406,0.005917356686514729,0.011683823932723044,0.0020755763320511695,0.003782346864848516,0.0009585644182083163,0.0011438508492438212,0.019102829933737735,0.008122590129802498,0.007849948991446684,0.006040231015967315,0.006392546823206521,0.006452050483133089,0.0067989616946823655,0.00559774027563987,0.0051168353371399185,0.0014990546506447318,0.0035675782191176035,0.004282729827839554,0.0016383711833067543,0.0005046903501734857,0.014453501513091513,0.006198644962737641,0.009439348097543728,0.05505804827299852,0.37729025894350565,0.013408970961171416,0.005504169295994367,0.0024000310631101703,0.0016273652686241043,0.0010681650015031123,0.0012408765352691347
35,0.0024304142988255113,0.00890086856029957,0.03658232113391939,0.006808581236455191,0.0009752854466325022,0.002134010177110042,0.004421674377361362,0.0009731322715341739,0.002834300103340732,0.0026231783439508768,0.0009556058795860516,0.013048467159813898,0.003550278723345946,0.0033297241840518003,0.0033786553632336293,0.003977206529276984,0.004591437578507857,0.004727884351499023,0.03950132780911106,0.026377704993672042,0.006128720976729843,0.0054062766516094615,0.004270315681728274,0.002188545733457744,0.000830975526698705,0.033290779634819086,0.023567721936734468,0.020690280111614837,0.026232776578803366,0.005868924968111778,0.6144694999006752,0.05035200582941,0.026925161902831816,0.0030248758799310796,0.0022908126986770773,0.002340267466639685
36,0.0011452111452312516,0.003666185998136,0.006425096510325086,0.004102165578610663,0.0012695736618534576,0.0024343461529137307,0.003278628018773832,0.001247097080201684,0.0031732401234781326,0.0017385398329083793,0.001359401324005549,0.01692198688565391,0.0051965518656928835,0.004335149979937252,0.005061131722559822,0.005657960117488629,0.00467387142249884,0.008248099525684987,0.06109143726609914,0.10881055079416958,0.042932251326105245,0.02072672188630868,0.009792063392410505,0.0035079845531950137,0.0014304398410676146,0.0052774784548594075,0.0028117178900220786,0.0031455922068591626,0.0031524276861188845,0.0013880021861454581,0.03877392377644239,0.49034292332373763,0.08313145226688798,0.03159248015872732,0.004548541419984359,0.007609774624905391
37,0.000663829091538154,0.0016419836649083765,0.0030907135844137432,0.0014867672156427016,0.00034575745162773594,0.0007949988942601498,0.0009861118322398508,0.000724743583838907,0.00101453152808585,0.0007454252103545377,0.00029854993532379113,0.009888611332409293,0.002750707238746488,0.0020165030982603107,0.00324134090652764,0.0019504747635223868,0.0016754201079216297,0.003523229553720077,0.011619111356031763,0.01892411967913394,0.0068211525485954265,0.005406015377380307,0.002454334870978072,0.001610513440666332,0.0007725411609140833,0.002687973251759758,0.005737691887669629,0.002661203261333601,0.0019447091890833353,0.0007472153285791659,0.036579913153476,0.1974312425990348,0.6584126136575904,0.0049057443491985694,0.0019839226863855868,0.0024602832088475163
38,0.0006827644637400054,0.002861494552935227,0.0016184414469636566,0.003041812134763717,0.000765882038622897,0.0016126458210302481,0.00207289533651917,0.0005198661964784308,0.0012458294484198676,0.0005895355974346695,0.0007528777284108556,0.008142399564374491,0.008223056002120572,0.004675221009417397,0.004149600772603877,0.005326224185061069,0.004906360330665955,0.00373376182260386,0.010426276681877856,0.007011448600268239,0.004167558488812249,0.013564251523241718,0.014321817598483293,0.008301736413948478,0.012159655941942061,0.0014368704887256021,0.0008351476806098305,0.0009227999519900097,0.0005318557978058296,0.0005589096299818754,0.0025453859143485472,0.04191229722049667,0.006295407989894367,0.5502331652072849,0.08683907505321253,0.18301567136491004
39,0.0014031974635801618,0.004255532742043971,0.0025791131473473206,0.0023562983553265947,0.0015705592383860165,0.0026381581141661733,0.002745856450181511,0.0015475380914438093,0.0022893201385380093,0.00033708011268143695,0.0006778448408067761,0.016031149949077544,0.012246371647823847,0.00957301811998168,0.017713511273818528,0.012817962683388416,0.008715041280381737,0.006993157382421978,0.0028659011804900666,0.0028760556005102194,0.00175284701861963,0.008993743911459533,0.016421339753881256,0.034588266539841005,0.10855779902947574,0.0021498758468059317,0.0010561702807113404,0.0013590044236878815,0.0011258276248172004,0.0007732408865481902,0.0029563755088462275,0.008089292585671485,0.0025654373351255955,0.07622914716048268,0.3967052349766361,0.22444372930499434
40,0.0007631574958429735,0.002265879407582329,0.0017068397138886202,0.002177289189510392,0.0008076506396511777,0.0011617423847126325,0.0018774243651004466,0.0006361533274679304,0.001348944780145144,0.0002531559723889913,0.0004559512757546968,0.009959013448011544,0.006476998073236663,0.004189956965074743,0.007040463817139862,0.0054362360931555125,0.0034459175847605977,0.003750476389710289,0.0032001588024288103,0.002283393920214464,0.001523106327423215,0.004512190230770119,0.00752372729344783,0.011259018900920877,0.017537969107403625,0.001155106182741534,0.0009105776272279039,0.0010530652073648453,0.0007205379302893859,0.000571611683586361,0.0018970490133736295,0.006625496568319303,0.002108000299252164,0.10952264524939785,0.12894665130043698,0.6448964434322665
