TAZ_NUMBER,avg_boardings,avg_alightings
101,105.25,113.75
102,3.25,2.25
103,123.75,105.5
104,157.75,50.5
105,133.25,37
106,2190.25,1145.5
107,90.25,124.75
108,65,91.25
109,35,22.25
110,19,3.25
111,163.25,136.75
112,131.75,63.5
113,106,144.5
114,37.75,37
115,63.75,35.5
116,25.25,2.25
117,216.5,299
118,33.5,38.25
201,20.75,12.25
202,18,4
203,73,36.5
204,24.5,81.75
205,61.25,59.5
206,4.75,35.5
207,23,15.25
208,16.5,18.5
209,91,4.5
210,21.5,7.25
213,332.5,438.5
214,38.5,27
215,61,289.75
216,1148,487.75
217,597.25,114.25
218,13.25,13
219,43.75,24.25
220,120.5,14.5
221,36.5,5
222,141.25,27.25
223,4,11.75
224,390.25,406
225,136.5,90.75
227,19.5,106.75
228,40.5,57.25
229,3.25,17
230,11,1.25
231,31.75,1
234,4,1.75
236,32.75,23.25
239,34.75,12.5
240,19.25,15.25
241,7.75,24.5
242,265,73.25
245,7,23
301,32,15
303,167,364.75
304,198.5,102.75
305,6.5,1.75
306,39.75,43.5
307,1.75,0.25
308,2.5,2.75
310,44.25,21.25
311,5.5,0.25
314,54.25,23.25
315,25.25,14.75
316,49.25,74.5
317,49.5,29.75
318,55.25,38
319,22.5,90.5
320,147.25,143.25
323,201.75,271.75
324,426.25,148
325,29,16.75
326,1528.25,907.25
327,455,552.25
328,164.5,161
329,175,131.25
330,67,11
331,78.25,186.25
332,192,81
335,76,8.5
336,15,4
337,7.75,6.5
338,26.5,25.5
401,17.5,2.5
402,48,7.25
404,7.75,35.25
405,44.25,70.25
406,70.25,35.75
407,80.75,33.75
408,56.25,10
409,34.75,44.25
413,38.75,36.75
414,47,19.25
415,51,19.25
416,8,7.75
417,39.5,47.5
418,27.5,28.75
419,109.5,59.75
421,31.5,11
422,111.75,58.5
423,22.75,12.75
501,128.75,129
502,48.25,18.25
503,90.25,48.5
504,526.75,223.5
505,178.75,175
506,250,68
507,115.5,139.5
508,99.75,180.25
509,420.75,235.25
510,918.5,732.5
511,125.5,55
512,294,28
513,247.5,54.75
514,434,196.75
601,1735.75,1100.75
602,1437.5,1133.75
603,297.75,455.25
604,55.75,28
605,1034.75,770.75
606,64.5,18.75
607,182.5,172.5
608,40.5,10.5
609,260,145.25
610,72.75,31
611,63.5,38.5
612,1301.25,858.5
613,35,116.25
701,7.25,88.25
702,354.5,211.75
703,87.25,91.25
704,423.25,745.5
705,362,333.25
706,87.25,112
707,197.75,109.25
708,18,10.25
709,268.25,193.75
711,169,37.75
712,4,2.75
715,51,15.5
716,125.5,40.25
721,30,108.75
725,15.5,6.25
726,8.5,1.5
801,95.25,254.75
802,1720.75,448.25
803,512.5,165.75
804,551.75,275.25
805,16,7.5
806,573,258.25
807,428.75,185.75
808,133.75,66.5
809,1136,1049
901,550,384
902,549.25,475.25
903,1071.75,572
904,603.25,301
905,76.25,406.25
906,827.25,1049.5
907,728.25,278.25
908,397.25,154.25
909,204.25,129.25
910,328,402.5
912,39.25,5.5
913,244.75,50.25
914,3,1
915,22.75,19
921,251.5,179.75
922,15.25,25.25
923,2.75,0.75
1001,1.5,0
1002,52.75,3
1003,16.5,6
1004,49.25,12
1005,21.5,14.5
1006,22.25,7.5
1101,33.5,23.75
1102,43.75,4.25
1103,47.25,13.5
1104,1214.25,463.25
1105,171.75,141.75
1106,71.5,50.5
1107,176.75,647.5
1201,6,138.75
1202,50.25,78
1203,1744,3040.25
1206,19.75,110
1207,89.75,445.25
1208,183.5,434.25
1209,572,634
1210,587.75,402
1211,398.75,399
1212,676,1355.75
1216,194.5,138.5
1217,5.25,21.5
1218,179.75,143
1219,6478.5,8916.75
1220,18.5,153.75
1221,319.25,304
1222,217.5,85.75
1223,32.25,58.75
1226,3.25,4.5
1302,1091,1057.25
1303,50.25,90
1304,86.75,56.5
1305,94.75,47.25
1306,49.75,35.5
1307,755.5,1598
1308,222,924.75
1309,33,19.75
1310,39.5,17.5
1311,1789.5,2108.5
1312,599.25,1124.75
1313,138.25,209.25
1401,116.75,184.75
1402,378.75,206.25
1403,323,275
1404,17.5,22
1405,40,15.25
1406,47,22
1407,324.25,353
1408,1919.25,2234
1409,25.25,0.25
1410,952.25,557
1411,85.25,102.75
1412,585.25,261.75
1413,206.75,607.75
1414,345,238
1415,256.75,188.5
1416,1399.25,2423
1417,72.75,96
1418,243,337.75
1501,200.25,250.25
1502,154,1219.25
1503,990.5,2096.5
1504,538.25,1426.75
1505,601.25,323.75
1506,1001.75,628.75
1507,207.25,96.25
1508,72.25,53.25
1509,303.25,172
1510,314,196.5
1511,745.25,347.5
1512,464.5,227.5
1513,954.75,571.75
1514,941,668.25
1515,28.5,29.75
1516,20.5,42.5
1517,3703,6527
1518,1845.5,950.5
1519,44.5,8
1520,59.25,84
1521,4.5,0
1523,145.5,169.75
1524,4.5,15.5
1601,341.5,376
1602,296,332.25
1603,110.75,77.5
1604,282.5,99.75
1605,203.75,129
1606,129.25,97.5
1607,214,27.25
1608,1155.25,2192.75
1609,3,0.25
1610,101.25,57.5
1611,240,208
1612,63,65
1613,146,60.5
1614,502.25,314.5
1615,461,667.75
1616,632.25,917.75
1617,435,557.5
1618,393,230
1619,293.25,180
1620,311.5,151.75
1621,30.25,142
1622,319.25,242.75
1623,159.75,231.75
1624,213.25,786.25
1625,236.25,128.5
1626,56.5,14.75
1628,5.5,0.5
1630,690.5,783.25
1631,325.75,626.25
1632,150.75,129.75
1634,62.25,89.5
1635,41.5,168.5
1636,23.5,2.75
1639,36.75,274.25
1641,143.75,192.5
1701,0.75,0
1702,240.25,80
1703,364.25,127.75
1704,597.25,167.5
1705,180,49.25
1706,541.75,169.75
1707,233,278.75
1708,123.75,28.75
1709,428,699
1710,222.75,131.25
1711,671.75,623.5
1712,154.75,134
1713,151.5,36.25
1714,86.75,4.75
1715,239,105.5
1716,542.5,443.25
1717,62.25,55.75
1718,165.5,1025.25
1719,82,101.25
1720,38.5,25.75
1722,433,202
1723,89.5,43.75
1724,14,3.75
1725,290.75,200.25
1726,801,586.75
1727,338.75,160.25
1728,257.75,289.5
1729,88.5,10.75
1730,175.25,82
1731,4,0.25
1732,177.25,25
1733,18.75,1.75
1734,398.25,205.75
1735,13.5,0.25
1736,212,52.75
1737,89.75,19.5
1738,58,24
1739,755,663.25
1740,315.75,403.25
1741,37.75,4.5
1742,368.25,553.75
1743,14.75,1.5
1744,268.5,197
1745,414.25,116.25
1746,78.25,33.5
1747,33.25,74.5
1748,122.75,48.25
1749,100,34.5
1750,41,90.5
1803,468,847.75
1804,361.5,83.25
1805,303.75,190.25
1806,288.25,184.25
1807,141.25,24.25
1808,8.25,5.25
1809,131.5,90.25
1810,9.5,121.75
1811,10.75,76.5
1812,19.5,161.5
1813,23.75,59.25
1814,43,74.5
1815,23.75,14.5
1816,128,542
1817,112.5,21.75
1902,41.75,3.75
1903,58.25,76.25
1904,15.5,4.75
1905,64,0.5
1906,32.5,13.75
1907,63.5,15.5
1908,62.25,76.25
1909,291,427
1910,52,17.5
1913,55.5,14.25
1914,81.75,38.75
1915,9.25,14
1916,107.25,76.25
1917,187,63
1918,26,4.75
1919,79.75,2.75
1921,58.25,25.5
1922,186.5,27.5
1923,102.75,77.75
1924,183,193.75
1925,188.75,203.25
1926,269.25,354.25
1927,96.5,109.5
1928,234.75,441.25
1929,113.25,132.25
1930,111.75,41.75
1931,138.5,106.75
1932,121.5,209.75
1933,183.75,109
1934,120.75,95
1936,22.75,9.75
1937,6.75,15.5
1938,31.5,6.5
2001,259.5,528.5
2002,345.25,244
2003,548,677
2004,183.25,145.25
2005,201.25,131.25
2006,12.5,35.75
2007,543,470.25
2008,90.25,112
2009,578.5,525.75
2010,252.75,299.25
2011,337,435
2012,692.5,372
2013,13.5,19.25
2101,69.25,73
2102,142.25,57.75
2104,6.75,102.5
2105,609.25,520.5
2106,398,189
2107,264.25,392.5
2108,200,385.75
2109,204,159.75
2110,309.25,139.5
2111,67,53.75
2112,470.75,358
2201,74.25,40.5
2202,124.75,9.5
2203,172,355.5
2204,292.5,156.75
2205,298.25,154.25
2206,166,162.75
2207,68.5,186
2208,116.25,130.25
2209,405.25,189.5
2210,120.25,305.25
2211,82,137.75
2212,12.75,5.75
2213,45.5,27.5
2214,336.75,144
2215,301,557.5
2216,168.5,49.5
2217,20,7.75
2218,180,54.75
2219,5,3.75
2221,322.75,239.25
2222,151.25,38
2301,422.25,180
2302,43.5,3.5
2303,196.75,105.5
2304,23.5,24.75
2305,502.5,409.25
2306,24.5,22.75
2307,160.25,152.75
2401,51.75,263
2402,236,172.25
2403,458,79
2404,254.5,102
2405,64.5,54.25
2406,279,308.75
2407,424.75,190.5
2409,10.5,41
2410,366.5,112
2411,34.5,8.75
2412,177,58.75
2413,63.75,35.75
2415,78.25,10.5
2417,27.5,5.5
2418,0.25,0
2419,30.25,41.25
2420,54.75,661.75
2421,57.5,17.25
2422,102.5,29
2423,72,79.25
2425,11.75,10.5
2426,68,25
2427,6.5,1.75
2501,35.75,22.25
2502,4.5,6
2503,225.25,151
2504,161.5,243.5
2505,234.5,177.75
2506,10,0.5
2507,10.25,4.25
3001,20,102.75
3002,13.25,6
3006,41.75,16.25
3009,76.75,161.25
3010,14.75,6.75
3013,73,23.25
3101,6.25,5.25
3102,1.25,0
3103,5.75,2.75
3104,7.25,2
3105,64.75,4.25
3106,135.75,34.25
3107,278.75,350
3108,71.75,20
3109,37.5,9.25
3110,121.5,89.75
3111,131.25,22.5
3201,10,34.25
3202,7.75,54.75
3203,31.25,31.25
3204,11.5,9.25
3205,210.25,126.25
3206,86.75,46
3207,405.75,410.75
3208,21.5,55.75
3209,66.25,87.75
3210,37.25,20.25
3211,7.5,2.25
3213,436,412.75
3215,142.5,131.25
3216,82.5,182.5
3301,4.25,1.5
3302,7,5.75
3303,14,1.75
3304,12.25,10
3305,24.25,32.25
3307,6.25,2.75
3308,19.75,6.25
3309,61,53.75
3310,51,139
3311,200.25,209.5
3312,40.25,166.75
3313,212.25,172
3314,713,1037
3315,211,325
3316,166.25,168
3317,163.5,35.25
3319,116,4.25
3320,32.25,0.25
3321,3.75,67.25
3322,40,14.5
3401,20,7
3402,17.5,1.25
3403,6,8.25
3404,81.5,10
3405,16.5,3.25
3406,13.5,8
3407,5.75,0.25
3408,28.5,1.5
3409,4,0
3411,10.25,1.25
3412,185,133.5
3413,17.5,28.25
3414,46,7.5
3415,151,121.5
3416,168.5,242.75
3417,46.75,34
3418,10.75,13.25
3419,1,24.5
3421,30.25,86.5
3422,19.25,8.5
3423,16,11.75
3424,68.25,2.75
3425,9.25,19.75
3426,55.5,2.75
3428,18.75,1.25
3501,14.25,8
3502,92.25,30.5
3503,10,1.75
3504,4.25,4
3505,25.5,16.75
3506,213.75,90.75
3508,188,43.25
3509,42.5,211.25
3510,24,18.75
3511,114.75,83.25
3512,80.25,61.25
3513,33.75,39.25
3514,415.25,176.5
3515,735,361.25
3516,1168,2516.25
3517,560.25,595.25
3518,272,160.5
3519,538.5,896.75
3520,1022.75,759.5
3521,800.5,396
3522,86.75,170.25
3523,106.25,303.75
3524,61.75,114
3526,45.75,41.75
3527,97,22.25
3528,78.5,45.75
3529,8.5,2
3530,53,233.5
3531,34.5,16.5
3532,65.5,29
3601,28.5,2.75
3602,21.75,17.25
3603,28,12.25
3604,52.5,25
3605,21.5,25.5
3606,19,1
3608,8.5,5.5
3609,1012.75,671.5
3610,83.5,376.5
3611,63.75,5
3612,899.5,750.25
3613,223.25,255.75
3614,466.75,186.25
3615,1773,1282.25
3616,32,146
3617,1186.5,2314
3618,336.5,130.5
3619,139.25,20.75
3620,47.5,21
3621,30.75,8
3622,18.25,22.5
3623,62.75,21.75
3624,15,16
3625,4.25,3
3626,12.25,6
3627,58,1.25
3628,20.75,12.25
3701,7.5,22
3703,5,2
3704,339.75,359
3705,31,51
3706,62.25,68.5
3707,163.25,114
3708,277,88.5
3709,288.25,147
3710,22,16
3711,6.25,0.5
3712,5,0
3713,3.25,0.25
3801,35.5,4.75
3802,26,19
3803,69,46
3804,74.75,7.75
3805,644.5,413
3806,142.25,391
3810,58.5,26.75
3814,19.75,5.25
3815,30.75,9.25
3816,132.5,114.75
3818,74.75,80
3820,92.75,44
3821,9.25,0.5
3822,157.75,9.25
3823,16.25,5.5
3824,10,1.25
3825,230.25,90
3826,306,82.25
3827,75.75,18.25
3828,185.5,99.5
3830,8.25,3.25
3901,6.75,3
3902,2.25,0
3903,96,21.75
3904,79.75,39.5
3905,11,123.25
3906,87,21
3907,2675.5,883.75
3908,33.5,20.25
3909,413.75,32.25
3910,219.25,120.5
3911,559.75,382.25
3912,222.75,191
3913,7.75,44.5
3914,46.75,16.75
3915,4.25,0.5
3916,157.75,101
3917,310.5,405.75
3918,416.5,99
3919,1576.5,1289.25
3920,0.5,0
3921,93,302.75
3922,4.25,10.75
4001,154,79.75
4002,80.75,172.5
4003,103.25,140.75
4004,673.25,585
4005,155,21.75
4006,0.75,25.25
4007,250,381.25
4008,89,380.75
4010,2838.25,1478.75
4011,496.5,248.75
4012,621.75,137
4013,113.25,39
4014,1005.75,1358.75
4015,1813.25,2257.25
4016,1018.5,417
4017,91.5,16.75
4018,36.5,8.25
4019,72.5,147.75
4020,56.25,58
4021,76.25,46.75
4022,8.75,4.25
232,7.25,24.5
233,1.5,19.75
235,7.5,4
334,2.5,28.75
403,30.25,6.75
411,22.75,2.75
412,25.5,4
420,10.5,0
718,1.75,0.75
727,2.25,1.5
911,1.25,0
917,1.5,1.75
1214,1,13.75
1901,15,4
1911,21.25,12
1912,21.75,0.25
1920,1,0.25
1935,32.75,1.5
2220,29.5,11.25
2416,35.5,49.5
3004,22,8.75
3005,3.25,5.75
3007,14.5,37.5
3008,13,6.75
3011,3.25,0
3012,22.25,25
3212,5,0.25
3410,0.75,0
3429,1,0
3507,34,0
3525,2.25,34.5
3607,1.75,14.25
3807,107.75,64.25
3809,127,225
3811,129.5,54
3812,78.75,8.5
3813,1,0
3817,4,4.5
3819,32.5,61
3831,2.5,0.25
312,0.25,1
313,0.25,1
1721,0.5,0
2103,1.75,0.75
3420,0.5,0
226,0,4.5
309,0,0.5
925,0,35.25
1215,0,0.75
1204,0,3.75
1522,0,0.25
302,0,0.5
