home_2636,sampled_persons_1,weighted_persons_1,weighted_trips_1,rate_1,sampled_persons_2,weighted_persons_2,weighted_trips_2,rate_2,rate_avg
22,2,292.485,0,0,2,292.485,51.7126,0.176805,0.0884023
75,1,350,0,0,1,350,0,0,0
195,,,,,1,144.667,434,3,3
219,,,,,1,288.004,0,0,0
460,16,1601.34,0,0,16,1682.91,0,0,0
626,,,,,1,5,0,0,0
723,1,350,350,1,,,,,1
772,1,37.1022,0,0,1,37.1022,0,0,0
934,1,249.19,0,0,1,249.19,0,0,0
970,1,225.299,0,0,1,225.299,0,0,0
1006,,,,,1,214.335,0,0,0
1075,,,,,1,350,0,0,0
1078,,,,,1,350,0,0,0
1174,1,67.4508,0,0,1,67.4508,67.4508,1,0.5
1245,,,,,1,350,0,0,0
1253,1,350,0,0,,,,,0
1273,1,93.4212,0,0,1,93.4212,0,0,0
1587,1,115.089,0,0,1,115.089,0,0,0
1633,,,,,1,77.8162,0,0,0
1667,51,3031.26,1897.38,0.625939,50,2981.15,2732.62,0.91663,0.771285
1668,62,5151.59,3873.68,0.75194,55,4434.68,3663.16,0.826025,0.788982
1669,78,5907.37,4818.08,0.815606,77,5833.27,5081.8,0.871176,0.843391
1670,38,4066.6,4483.7,1.10257,36,3830.37,4244.39,1.10809,1.10533
1671,26,4071.83,2837.25,0.696799,25,3986.27,3245.53,0.814178,0.755489
1681,14,4644.65,3150,0.678199,14,4644.65,2450,0.527488,0.602844
1682,14,2767.28,1855.01,0.670336,13,2717.06,2916.63,1.07345,0.871894
1684,3,774.165,0,0,3,774.165,0,0,0
1685,1,5,0,0,1,5,0,0,0
1686,22,1152.65,891.987,0.773857,22,1152.65,839.469,0.728294,0.751076
1687,51,4705.11,4747.14,1.00893,55,5133.2,4488.23,0.874354,0.941644
1688,27,1934.21,1330.47,0.687859,25,1641.47,784.169,0.477725,0.582792
1689,44,2565.83,2757.81,1.07482,45,2619.72,3248.4,1.23998,1.1574
1690,114,6550.53,6123.26,0.934773,102,5902.38,5651.17,0.957439,0.946106
1691,25,2871.86,1471.69,0.512451,29,3551.61,2796.61,0.787421,0.649936
1692,258,8339.01,8601.31,1.03145,264,8614.04,7938.67,0.921596,0.976525
1693,17,2756.03,1906.3,0.691684,17,2712.2,1409.74,0.519776,0.60573
1694,81,4372.26,6674.82,1.52663,78,4305.63,6641.9,1.54261,1.53462
1695,71,4887.09,3155.29,0.645639,69,4742.34,3129.72,0.659953,0.652796
1697,61,6371.49,5065.28,0.794992,59,6242.11,4791.55,0.767617,0.781305
1698,19,2748.94,1481.64,0.538987,20,2792.18,1318.4,0.472174,0.505581
1699,73,3707.18,4268.1,1.15131,72,3631.1,3351.43,0.922977,1.03714
1700,138,7630.25,5774.34,0.75677,135,7708.39,7003.38,0.90854,0.832655
1701,68,4039.67,3591.03,0.888942,65,3841.2,3279.53,0.853777,0.871359
1702,31,5101.65,5916.31,1.15969,30,5142.44,5756.82,1.11947,1.13958
1703,82,4544.19,5699.04,1.25414,81,4392.75,5986.09,1.36272,1.30843
1704,2,288.273,864.82,3,1,117.08,351.24,3,3
1705,7,2380.18,1015.09,0.426476,6,2065.09,665.091,0.322064,0.37427
1706,6,518.898,238.221,0.45909,5,429.481,148.804,0.346474,0.402782
1707,57,2587.88,2612.76,1.00961,60,2746.07,2453.17,0.893339,0.951476
1708,8,2409.15,2101.68,0.872374,9,2716.62,3024.09,1.11318,0.992778
1709,118,10057.4,10621.5,1.05609,117,9891.62,10757.6,1.08755,1.07182
1710,12,1958.09,1381.09,0.705328,11,1783.92,1936.25,1.08539,0.895359
1713,26,2983.57,3060.59,1.02581,26,2958.65,2569.94,0.868619,0.947216
1714,8,403.299,543.749,1.34825,10,491.539,461.938,0.939779,1.14401
1715,55,2282.68,2647.94,1.16002,54,2198.28,2290.19,1.04181,1.10092
1716,35,4209.81,2181.07,0.518093,34,4116.03,3057.16,0.742745,0.630419
1717,16,3175.42,2909.59,0.916286,15,2863.42,3150.82,1.10037,1.00833
1718,9,1470.77,658.236,0.447547,8,1117.87,1438.62,1.28692,0.867235
1719,50,6698.12,6463.97,0.965041,50,6925.11,6128.19,0.884923,0.924982
1720,21,2519.61,1875.52,0.74437,19,2171.78,2375.95,1.09401,0.91919
1721,55,5561.21,6078.17,1.09296,56,5440.24,6937.72,1.27526,1.18411
1722,38,3474.56,2673.74,0.769519,38,3510.43,2407.71,0.685871,0.727695
1723,33,4074.83,3463.36,0.849941,34,4258.61,3341.56,0.784658,0.8173
1724,30,2680.39,3634.62,1.356,29,2618.77,3291.43,1.25686,1.30643
1725,19,2620.42,1664.52,0.635211,16,2144.47,1121.05,0.522761,0.578986
1726,196,13596.5,10987.9,0.808146,193,13362.1,11966.4,0.895551,0.851849
1727,55,3409.66,2769.28,0.812186,54,3366.84,2745.64,0.815495,0.81384
1728,16,1930.96,1043,0.540148,16,1983.94,1292.26,0.651363,0.595755
1729,53,4796.25,4034.58,0.841195,51,4756.83,2731.59,0.574247,0.707721
1730,20,4202.65,5504.84,1.30985,19,4088.1,5200.92,1.27221,1.29103
1731,36,3722.58,4058.35,1.0902,36,3765.57,4316.15,1.14622,1.11821
1732,32,4567.59,3925.41,0.859405,31,4482.83,5168.55,1.15297,1.00618
1733,40,2829.55,2429.52,0.858625,40,2869.49,2013.55,0.701709,0.780167
1734,14,2419.48,1016.06,0.419951,14,2419.48,1726.65,0.713646,0.566798
1735,26,2929.26,2159.66,0.737271,25,2717.33,2313.83,0.85151,0.79439
1736,10,2732.12,599.695,0.219498,10,2732.12,249.695,0.0913925,0.155445
1738,3,596.01,719.015,1.20638,3,596.01,492.02,0.825523,1.01595
1739,9,2843.63,1679.84,0.590738,9,2843.63,2029.84,0.71382,0.652279
1742,23,4616.72,7731.74,1.67472,20,4186.52,5666.66,1.35355,1.51414
1751,42,2774.51,2196,0.791491,38,2587.2,1637.38,0.632875,0.712183
1752,37,3710.94,3197.98,0.861771,37,3704.73,2330.75,0.629128,0.745449
1753,39,6930.64,10538.9,1.52062,36,6859.04,6371.3,0.928892,1.22476
1754,6,1280.04,1050,0.820286,5,1123.11,1183.09,1.0534,0.936845
1757,24,8217.54,5950,0.724061,24,8217.54,4900,0.596286,0.660174
1760,14,1366.37,1309.82,0.958615,13,1324.31,1308.01,0.987691,0.973153
1763,1,347.843,1391.37,4,3,392.568,755.136,1.92358,2.96179
1764,17,5564.17,8049.98,1.44675,17,5564.17,7174.99,1.2895,1.36813
1765,20,5280.92,3017.77,0.571447,23,5776.14,5039.58,0.872483,0.721965
1766,13,3420.61,4144.73,1.21169,13,3420.61,3962.18,1.15833,1.18501
1767,24,6300.27,4358.24,0.691754,24,6300.27,5974.55,0.948301,0.820028
1768,12,3262.07,1638.31,0.502231,12,3262.07,1288.31,0.394937,0.448584
1775,16,1489.71,1201.35,0.806437,17,1574.02,1464.04,0.930126,0.868281
1776,54,4814.44,6138.82,1.27509,52,4733.6,7245.08,1.53056,1.40282
1777,52,4861.73,4185.71,0.860952,53,5326.32,4571.97,0.858374,0.859663
1778,28,4264.31,3219.09,0.754891,29,4467.72,3252.3,0.727953,0.741422
1779,64,3743.27,3059.93,0.817449,63,3681.99,2513.99,0.682779,0.750114
1780,25,4309.48,2809.26,0.651878,24,4228.54,4260.63,1.00759,0.829733
1781,26,4356.97,2220.6,0.509667,27,4418.25,3697.62,0.836896,0.673282
1782,50,2639.74,3695.42,1.39992,49,2575.59,2739.41,1.06361,1.23176
1783,42,5973.05,5107.07,0.855018,42,6056.93,4853.54,0.80132,0.828169
1784,83,8804.17,8086.75,0.918514,84,8741.27,8162.36,0.933772,0.926143
1785,23,4422.85,2748.83,0.621506,22,4238.82,2471.46,0.583054,0.60228
1786,14,3521.64,1726.9,0.490368,13,3304.09,1640.49,0.496504,0.493436
1787,16,3227.25,1357.33,0.420585,15,2877.25,1004.89,0.349253,0.384919
1788,24,4686.86,4013.23,0.856273,23,4445.9,3648.89,0.820733,0.838503
1789,24,4628.52,4100.21,0.885858,23,4544.2,3523.64,0.775415,0.830637
1790,49,6497.37,3847.72,0.592197,49,6650.59,4811.99,0.723543,0.65787
1791,8,1932.46,1513.37,0.783134,8,1932.46,1188.02,0.614774,0.698954
1792,23,3651.3,2168.96,0.594024,20,3357.69,2315.5,0.689612,0.641818
1794,38,6139.9,4512.49,0.734945,39,6488.03,4537.43,0.699354,0.717149
1795,31,5018.89,3520.69,0.701487,31,4978.92,3622,0.727466,0.714477
1796,31,5797.08,5659.68,0.976299,32,5888.7,6017.02,1.02179,0.999044
1797,3,1050,1050,1,3,1050,1750,1.66667,1.33333
1798,70,13789.4,10724.5,0.777741,71,14141.9,12577.1,0.889347,0.833544
1799,94,12035.1,12190.2,1.01288,92,11514.8,10358.4,0.899571,0.956227
1802,24,4010.3,2928.49,0.730241,21,3386.25,2519.94,0.744166,0.737204
1803,39,5339.99,6772.19,1.2682,39,5339.99,6020.47,1.12743,1.19782
1804,26,4414.59,3234.56,0.732699,23,4154.21,3204.55,0.771398,0.752048
1805,135,18320,15929.5,0.869514,125,16615.9,13629.7,0.820283,0.844899
1806,33,5444.51,4709.32,0.864968,31,5153.17,5270.51,1.02277,0.943869
1808,23,3665.98,2668.87,0.728011,21,3421.53,4369.94,1.27719,1.0026
1809,1,262.489,0,0,1,262.489,0,0,0
1810,4,449.339,449.339,1,4,449.339,449.339,1,1
1811,10,686.097,785.459,1.14482,10,686.097,442.834,0.645439,0.89513
1820,50,3938.54,2939.41,0.746319,50,4215.18,3513.55,0.833546,0.789932
1821,35,4513.15,3308.44,0.733066,35,4279.04,2962.52,0.692332,0.712699
1822,24,3723.66,5139.48,1.38022,24,3433.05,4430.12,1.29043,1.33533
1824,4,382.137,286.603,0.75,4,382.137,573.206,1.5,1.125
1825,47,8725.2,7857.65,0.90057,47,8725.2,8440.86,0.967412,0.933991
1830,1,128.387,0,0,,,,,0
1833,15,4635.11,7170.21,1.54694,15,4635.11,6188.59,1.33516,1.44105
1834,33,4717.92,2582.93,0.547472,33,4717.92,2538.22,0.537995,0.542733
1835,56,9274.36,9208.67,0.992917,54,9157.31,9807.39,1.07099,1.03195
1836,20,4809.54,5387.38,1.12015,20,4979.73,4304.63,0.86443,0.992288
1837,14,3841.08,4299.31,1.1193,13,3720.66,4029.66,1.08305,1.10117
1838,27,5171.3,8306.65,1.6063,26,4921.62,6305.94,1.28127,1.44379
1842,38,6835.73,7923.65,1.15915,38,6913.61,7005.67,1.01332,1.08623
1845,32,9664.73,9595.45,0.992832,31,9427.31,9058.18,0.960845,0.976839
1847,75,9327.05,6842.19,0.733586,74,9176.71,7761.55,0.845788,0.789687
1848,35,3552.91,2935.33,0.826177,35,3604.77,2501.51,0.693945,0.760061
1849,33,4038.96,2847.04,0.704894,30,3720.98,2927.59,0.786779,0.745836
1850,87,5730.01,4185.54,0.73046,85,5554.52,4381.52,0.788822,0.759641
1851,50,3931.1,2737.1,0.696268,49,3908.82,3003.65,0.768429,0.732348
1852,16,5441.55,4775.86,0.877665,16,5441.55,4425.86,0.813345,0.845505
1853,12,4200,4550,1.08333,12,4200,4200,1,1.04167
1855,10,3324.99,4900,1.47369,10,3324.99,3849.98,1.15789,1.31579
1858,58,10884.5,4794.23,0.440464,57,10713.7,5389.51,0.503048,0.471756
1860,1,96.0577,0,0,,,,,0
1861,14,4502.15,4417.38,0.981172,14,4502.15,4417.38,0.981172,0.981172
1862,7,2052.15,1050,0.511658,7,2052.15,1569.54,0.764825,0.638241
1863,17,5925.31,3834.08,0.647068,17,5925.31,4182.46,0.705864,0.676466
1865,19,4266.77,3516.46,0.82415,20,4462.59,4427.88,0.992222,0.908186
1866,6,1662.1,1321.51,0.795085,7,2012.1,3695.6,1.83669,1.31589
1867,39,12137.2,14956.8,1.23231,36,11219,17387.2,1.5498,1.39106
1868,22,7379.59,8176.13,1.10794,22,7247.8,6048.33,0.834506,0.971222
1871,9,3090.92,4136.46,1.33826,9,3090.92,2406.52,0.778579,1.05842
1872,14,4630.52,3150,0.680269,14,4630.52,6380.52,1.37793,1.0291
1873,49,8472.2,8531.02,1.00694,49,8349.5,9137.32,1.09436,1.05065
1874,21,3069.5,3714.66,1.21018,20,2956.9,4322.58,1.46186,1.33602
1875,10,2597.19,1913.87,0.736902,10,2597.19,2749.04,1.05847,0.897684
1876,18,4357.73,3106.05,0.712768,18,4357.73,3044.73,0.698696,0.705732
1877,28,3943.86,3881.85,0.984277,28,3943.86,3713.4,0.941564,0.962921
1879,574,8907.83,10957,1.23004,573,8868.85,10676.9,1.20387,1.21696
1881,42,5356.08,4857.26,0.906869,40,5202.93,4784.11,0.919503,0.913186
1882,60,5752.77,4225.77,0.734562,60,5752.77,4723.21,0.821032,0.777797
1887,112,7318.75,6407.92,0.875549,114,7731.15,6189.18,0.800551,0.83805
1888,16,4227.71,4073,0.963407,16,4227.71,3578.33,0.8464,0.904904
1889,5,1726.1,350,0.20277,5,1726.1,1394.24,0.807743,0.505256
1890,19,6206.15,6259.85,1.00865,19,6206.15,7094.67,1.14317,1.07591
1891,17,4020.97,7483.82,1.8612,17,4020.97,5764.88,1.4337,1.64745
1892,58,13557.5,11274.8,0.831631,57,13210.6,11112,0.841143,0.836387
1894,35,2478.48,2050.4,0.827283,36,2498.84,2684.25,1.0742,0.950741
1895,85,13090.4,6052.75,0.46238,81,12613.1,6370.01,0.50503,0.483705
1896,92,6501.64,7990.48,1.22899,92,6588.63,6770.74,1.02764,1.12832
1897,13,3683.17,5717.78,1.5524,13,3683.17,2512.56,0.682171,1.11729
1898,163,14306.7,9231.78,0.645276,163,14306.7,9005.05,0.629429,0.637352
1899,15,2472.28,2227.61,0.901035,15,2472.28,2261.45,0.914724,0.90788
1901,28,4050.1,4142.25,1.02275,28,4050.1,4257.74,1.05127,1.03701
1902,49,10861,12313.3,1.13372,48,10728.4,12361.2,1.15219,1.14296
1904,24,4008.15,3509.41,0.875567,24,4008.15,4408.3,1.09983,0.9877
1905,74,9902.1,8735.47,0.882184,73,9857.16,6918.33,0.701858,0.792021
1906,37,5490,4082.25,0.743578,38,5621.48,3615.01,0.643072,0.693325
1907,19,4010.85,4197.85,1.04662,19,4010.85,3739.92,0.93245,0.989537
1908,16,3513.97,2836.88,0.807314,16,3513.97,2410.95,0.686103,0.746709
1910,23,8050,700,0.0869565,23,8050,3150,0.391304,0.23913
1911,24,8400,4200,0.5,24,8400,4550,0.541667,0.520833
1912,17,5950,700,0.117647,17,5950,4200,0.705882,0.411765
1913,65,16771.7,7305.8,0.435602,64,16741.6,6902.68,0.412306,0.423954
1914,21,7350,2450,0.333333,21,7350,4200,0.571429,0.452381
1916,36,12179.9,7629.88,0.626433,36,12179.9,6989.89,0.573889,0.600161
1917,22,7700,1750,0.227273,22,7700,5950,0.772727,0.5
1918,35,10983.4,1050,0.0955989,35,10983.4,4544.49,0.41376,0.25468
1920,23,4418.55,531.222,0.120225,23,4418.55,4256.32,0.963284,0.541754
1921,12,4200,700,0.166667,12,4200,1400,0.333333,0.25
1922,14,4115.62,2977.08,0.723361,14,4115.62,2977.08,0.723361,0.723361
1923,27,9450,7000,0.740741,25,8750,5950,0.68,0.71037
1924,21,7350,3500,0.47619,21,7350,2100,0.285714,0.380952
1925,5,1750,1400,0.8,5,1750,1400,0.8,0.8
1926,17,3035.87,3417.51,1.12571,17,3035.87,3224.66,1.06219,1.09395
1927,23,5590.93,3980.96,0.712038,23,5590.93,4680.96,0.837241,0.77464
1928,26,6167.96,3686.47,0.597681,27,6464.68,5753.29,0.889958,0.74382
1929,20,4419.25,2841.55,0.642992,23,4594.34,3039.77,0.661634,0.652313
1930,25,7268.8,3690.9,0.507773,21,5868.8,4227.75,0.720377,0.614075
1931,20,4976.21,6621.18,1.33056,23,6026.21,3890.03,0.645517,0.988041
1932,13,4504.2,3081.3,0.684094,11,3804.2,3431.3,0.901976,0.793035
1933,19,4514.11,3175.35,0.703429,18,4322.53,2508.67,0.58037,0.641899
1935,16,2069.31,1435.68,0.693795,12,1694.83,968.775,0.571607,0.632701
1937,14,4900,3850,0.785714,14,4900,3500,0.714286,0.75
1938,9,3150,1750,0.555556,9,3150,700,0.222222,0.388889
1941,1,350,0,0,1,350,350,1,0.5
1942,11,2803.96,1929.62,0.688177,10,2453.96,1929.62,0.786329,0.737253
1943,8,2800,1400,0.5,9,3150,1050,0.333333,0.416667
1944,13,4550,2800,0.615385,13,4550,2800,0.615385,0.615385
1945,19,6432.13,6082.13,0.945586,18,6082.13,2582.13,0.424544,0.685065
1947,47,14276.4,8933.08,0.625723,46,13926.4,14615.7,1.0495,0.83761
1948,32,10283.9,9745.99,0.94769,32,10283.9,9376.61,0.911773,0.929731
1949,111,30062.1,19007.3,0.632268,112,30274.8,19144.6,0.632362,0.632315
1950,43,8620.41,4959.64,0.575337,43,8620.41,4959.64,0.575337,0.575337
1951,13,4468.56,3446.31,0.771235,13,4468.56,4495.4,1.00601,0.888621
1952,21,6780.44,1747.98,0.257798,21,6780.44,2709.96,0.399674,0.328736
1953,61,4003.63,2141.18,0.534809,61,4003.63,2361.33,0.589796,0.562303
1954,27,4520.24,3543.59,0.783939,27,4538.89,3331.17,0.733917,0.758928
1955,5,123.857,123.857,1,5,123.857,123.857,1,1
1956,44,6562.51,4603.93,0.701551,44,6562.51,4702.9,0.716631,0.709091
1957,59,9459.23,6327.28,0.6689,59,9440.58,5928.39,0.627969,0.648434
1959,84,6546.65,4249.53,0.649115,86,6726.91,5064.2,0.752828,0.700971
1961,24,3476.93,778.091,0.223787,22,3249.18,2117.02,0.651556,0.437671
1962,42,5133.71,1837.66,0.35796,42,5181.2,3306.23,0.63812,0.49804
1963,180,8420.23,4441.16,0.527439,179,8336.59,4322.48,0.518494,0.522967
1964,76,6245.58,3981.37,0.63747,76,6295.24,4192.56,0.665989,0.651729
1965,157,7515.03,5224.02,0.695143,157,7515.03,4907.04,0.652963,0.674053
1966,26,6376.05,4416.95,0.69274,27,6519.51,4416.95,0.677497,0.685119
1967,44,7217.28,4515.83,0.625696,44,7217.28,4597.45,0.637005,0.63135
1968,18,4363.36,3619.13,0.829436,18,4363.36,3271.89,0.749855,0.789646
1969,13,3242.65,3256.52,1.00428,12,3009.25,2373.62,0.788773,0.896526
1970,90,17603.6,11589.3,0.65835,90,17693.5,9919.9,0.560652,0.609501
1975,17,2278.16,1736.65,0.762305,16,2187.55,1398.08,0.639109,0.700707
1977,17,1018.64,2013.31,1.97647,17,1125.08,1211.4,1.07672,1.52659
1981,37,5387.96,3417.25,0.634237,34,4559.16,2704.36,0.593172,0.613704
1982,19,3160.07,1459.2,0.461763,18,2884.87,1998.48,0.692744,0.577254
1983,34,4212.09,2525.43,0.599566,33,3984.84,2269.01,0.569411,0.584488
1984,16,3044.21,1593.66,0.523505,17,3173.88,3138.26,0.988778,0.756141
1985,25,6680.22,3699.56,0.553808,23,6387.02,2870.02,0.449353,0.50158
1986,2,402.096,402.096,1,3,686.937,402.096,0.585346,0.792673
1987,12,4040.05,3300.06,0.816837,12,4040.05,3650.06,0.90347,0.860153
1988,2,569.683,0,0,1,284.841,0,0,0
1992,72,7172.15,5720.12,0.797547,72,7172.15,5573.98,0.77717,0.787358
1993,57,8353.06,5843.46,0.699559,57,8353.06,5039.1,0.603263,0.651411
1994,42,6047.95,8118.91,1.34242,40,5899.85,9164.55,1.55335,1.44789
1995,46,7327.93,6379.55,0.87058,47,7552.32,6518.76,0.863146,0.866863
1996,79,8808.65,7392.37,0.839217,80,8918.97,7988.38,0.895661,0.867439
1997,20,4819.02,4041.19,0.838591,20,4819.02,4330.09,0.898541,0.868566
1998,20,4448.22,3095.15,0.695816,23,5169.03,3378.29,0.653564,0.67469
1999,60,11795.4,9740.69,0.825806,59,11596.8,10542.7,0.9091,0.867453
2001,5,775.268,775.268,1,5,775.268,1105.24,1.42562,1.21281
2004,19,5161.54,4306.61,0.834365,20,5355.47,5782.51,1.07974,0.957051
2008,36,3169.41,1721.71,0.543226,36,3169.41,1668.77,0.526523,0.534874
2009,34,9151.01,8184.37,0.894368,34,9151.01,8033.87,0.877922,0.886145
2010,36,3873.97,4015.36,1.0365,35,3577.15,3301.46,0.922931,0.979714
2012,16,5069.68,3502.77,0.690926,16,5069.68,4356.79,0.859383,0.775155
2014,25,4061.58,1671.34,0.411499,24,3714.71,2018.21,0.5433,0.4774
2016,26,7235.64,4611.22,0.637292,26,7235.64,3466.35,0.479066,0.558179
2017,45,10373.1,9067.84,0.874165,45,10373.1,8650.89,0.833971,0.854068
2018,6,2100,1400,0.666667,6,2100,1400,0.666667,0.666667
2019,5,1376.44,350,0.254279,5,1376.44,676.443,0.491443,0.372861
2020,42,5563.56,3497.62,0.628665,45,6092.81,3445.93,0.565573,0.597119
2021,64,5346.69,4214.81,0.788302,60,4621.82,3889.41,0.841531,0.814917
2023,21,6376.42,5662.39,0.88802,22,6572.04,4635.73,0.705372,0.796696
2024,31,6545.64,4802.65,0.733718,31,6545.64,4951.93,0.756524,0.745121
2027,23,5415.15,3193.63,0.589758,22,5119.66,2696.95,0.526783,0.55827
2028,22,6712.17,7522.46,1.12072,22,6712.17,6559.28,0.977222,1.04897
2029,41,7880.81,6343.24,0.804897,40,7799.49,7099.7,0.910277,0.857587
2031,33,8087.59,7107.44,0.878809,32,7815.06,6190.1,0.792074,0.835441
2032,58,6592.08,6266.8,0.950655,59,6664.23,5612.02,0.842112,0.896383
2033,23,6657.44,4532.5,0.680817,23,6657.44,4189.48,0.629293,0.655055
2036,33,8156.3,5456.62,0.669006,33,8156.3,3622.1,0.444086,0.556546
2038,67,5817.99,7314.04,1.25714,67,5817.99,6967.09,1.19751,1.22733
2040,50,7191.95,9268.92,1.28879,50,7191.95,6897.63,0.959076,1.12393
2041,27,5682.15,6881.86,1.21114,27,5682.15,6571.31,1.15648,1.18381
2042,6,1672.86,1560.86,0.933049,6,1672.86,1560.86,0.933049,0.933049
2043,4,633.571,214.618,0.338744,4,633.571,209.476,0.330628,0.334686
2045,16,3919.8,3546.39,0.904738,15,3722.26,2886.2,0.775389,0.840063
2046,81,8412.81,6835.55,0.812516,79,8275.94,6662.18,0.805006,0.808761
2047,27,6446.48,3542,0.549447,26,6280.13,2696.03,0.429295,0.489371
2048,11,2118.66,1247.46,0.588799,9,1848.59,1020.56,0.552075,0.570437
2049,17,5096.07,5676.69,1.11394,16,4811.43,3967.05,0.824504,0.96922
2050,23,4288.34,4422.46,1.03128,23,4284.68,4104.24,0.957887,0.994581
2051,31,3252.87,2825.4,0.868589,29,3117.24,2273.58,0.729359,0.798974
2052,43,1336.26,913.786,0.683839,39,1233.59,847.953,0.687388,0.685614
2053,69,11521.8,8679.35,0.753298,68,11342.5,9405.94,0.829265,0.791282
2054,39,7603.96,4558.42,0.599479,38,7453.08,5716.44,0.76699,0.683234
2055,35,4902.1,4314.96,0.880227,33,4627.58,3814.95,0.824395,0.852311
2056,7,1918.44,1448.69,0.755142,9,2318.24,2178.36,0.939662,0.847402
2057,17,5700.81,1626.41,0.285295,17,5700.81,1976.41,0.34669,0.315993
2060,7,1622.74,252.958,0.155883,5,1166.15,0,0,0.0779414
2061,55,14685.7,12217,0.831897,56,15012.1,13433.9,0.894868,0.863383
2062,51,11220.1,6555.63,0.584275,52,11352.2,6482.74,0.571055,0.577665
2065,20,6866.78,6650,0.968431,18,6166.78,6300,1.0216,0.995017
2066,89,6733.84,5993.49,0.890056,89,6788.08,5367.45,0.790717,0.840387
2067,69,5435.14,3381.31,0.62212,66,5091.82,3808.52,0.747969,0.685044
2068,21,6109.21,6069.17,0.993446,19,5515.22,6457.18,1.17079,1.08212
2070,15,4457.42,6766.36,1.518,14,4260.24,5950,1.39664,1.45732
2071,5,138.713,55.4854,0.4,5,138.713,55.4854,0.4,0.4
2072,11,3468.76,3468.88,1.00003,12,3818.76,3252.1,0.851611,0.925822
2073,9,3067.44,3376.16,1.10064,10,3202.12,3160.84,0.987108,1.04388
2074,19,4396.3,1128.26,0.256638,19,4396.3,1478.26,0.336251,0.296444
2075,13,2970.18,3255.3,1.096,14,3171.99,3050.99,0.961854,1.02892
2076,25,6413.56,5567.43,0.868072,25,6267.66,6127.54,0.977644,0.922858
2077,5,1419.95,2049.5,1.44337,6,1580.78,1888.67,1.19477,1.31907
2078,5,1261.38,1917.33,1.52003,4,1059.57,1143.68,1.07938,1.29971
2079,1,204.097,204.097,1,,,,,1
2080,14,4105.84,3286.45,0.800433,11,3055.84,4001.62,1.3095,1.05497
2081,6,1735.45,1217.72,0.701677,7,2085.45,1217.72,0.583915,0.642796
2085,129,13455.9,6908.11,0.513388,128,13278.7,5747.69,0.432852,0.47312
2086,13,759.992,190.842,0.251111,12,582.699,214.564,0.368225,0.309668
2087,65,906.58,577.999,0.63756,64,894.372,547.057,0.611666,0.624613
2088,165,13154.1,9703.31,0.737662,164,13051,9268.01,0.710136,0.723899
2089,16,1048.88,608.495,0.580136,16,1018.93,338.263,0.331979,0.456058
2090,54,8243.61,4589.75,0.556764,53,8037.2,4054.31,0.504443,0.530604
2091,48,2812.73,1951.98,0.693981,48,2812.73,1922.79,0.683602,0.688792
2092,45,1258.42,1199.59,0.953249,45,1249.93,1317.98,1.05444,1.00385
2093,86,8804.99,5700.1,0.647372,86,8804.99,5695.1,0.646803,0.647087
2096,44,15400,11900,0.772727,44,15400,10850,0.704545,0.738636
2098,36,5184.76,3655,0.70495,35,5091.94,3877.39,0.761477,0.733214
2099,28,6432.54,5564.54,0.86506,28,6432.54,7036.22,1.09385,0.979454
2100,18,5043.3,5416.92,1.07408,18,5043.3,6045,1.19862,1.13635
2101,11,3687.16,2734.87,0.741726,11,3687.16,634.866,0.172183,0.456954
2102,12,4199.92,1399.92,0.33332,12,4199.92,4199.89,0.999993,0.666657
2103,16,2683.93,720.416,0.268418,16,2683.93,1309.86,0.488038,0.378228
2104,33,6961.24,4605.97,0.66166,33,6961.24,4879.96,0.701019,0.68134
2105,31,4054.42,2723.17,0.671655,31,4054.42,3164.77,0.780572,0.726114
2106,30,6109.96,3604.18,0.589886,27,5133.82,2554.18,0.49752,0.543703
2107,34,9218.85,5973.75,0.647994,32,9251.91,5541.91,0.599002,0.623498
2108,14,3028.32,2213.2,0.730835,14,3028.32,2042.86,0.674586,0.70271
2109,27,5835.03,4032.14,0.691023,31,6428.11,4163.52,0.647706,0.669364
2110,86,13208.1,10083.1,0.763407,86,13208.1,8603.71,0.651398,0.707403
2111,8,2592.29,2798.73,1.07964,8,2592.29,2448.89,0.944685,1.01216
2112,1,31.3633,0,0,1,31.3633,0,0,0
2113,47,9819.12,7157.78,0.728963,47,10022.3,4487.61,0.447762,0.588363
2114,13,4444.68,1697.34,0.381881,13,4444.68,3044.68,0.685017,0.533449
2115,33,8071.22,6381.69,0.790672,33,8071.22,6905.08,0.855518,0.823095
2116,35,5598.7,3129.69,0.559003,33,5077.27,3255.82,0.641255,0.600129
2117,17,5950,5600,0.941176,16,5600,3150,0.5625,0.751838
2118,6,2100,2100,1,6,2100,2800,1.33333,1.16667
2119,12,4200,3500,0.833333,11,3850,4200,1.09091,0.962121
2120,3,1050,700,0.666667,3,1050,1050,1,0.833333
2121,34,8953.27,7611.94,0.850185,34,8953.27,6211.94,0.693818,0.772002
2122,42,11337.4,12625.8,1.11363,42,11337.4,12115.7,1.06864,1.09114
2123,14,4900,2450,0.5,14,4900,3500,0.714286,0.607143
2124,15,5250,3850,0.733333,14,4900,3500,0.714286,0.72381
2126,3,1050,1050,1,3,1050,1050,1,1
2128,11,3850,1400,0.363636,10,3500,2450,0.7,0.531818
2130,61,11784.4,7746.57,0.657358,61,11784.4,9010.98,0.764653,0.711005
2132,2,700,700,1,2,700,0,0,0.5
2136,28,9089.78,7982.66,0.878202,29,9308.81,7264.41,0.78038,0.829291
2138,39,8594.6,11774.9,1.37003,40,8550.15,8693.05,1.01671,1.19337
2139,25,7788.18,5954.91,0.764608,23,7088.18,5882.1,0.829846,0.797227
2140,13,3281.74,1742.28,0.530902,14,3631.74,2268.25,0.624563,0.577733
2141,20,4308.59,6870.85,1.59469,22,5008.59,6387.21,1.27525,1.43497
2144,67,12192.2,18070,1.48209,66,12158.7,15361.3,1.2634,1.37275
2146,24,4037.31,4222.52,1.04587,24,4037.31,4081.89,1.01104,1.02846
2147,10,3494.74,3143.42,0.899473,10,3494.74,2794.74,0.799699,0.849586
2149,47,11917.1,9281.86,0.77887,46,11599.9,10955.8,0.944474,0.861672
2152,45,11747.4,9208.17,0.783844,45,11747.4,9326.68,0.793933,0.788889
2154,96,16681.4,7785.36,0.466708,94,15991.4,7735.72,0.483743,0.475225
2155,30,8220.85,5925.59,0.720801,29,8009.53,5014.27,0.626039,0.67342
2156,,,,,1,211.323,422.647,2,2
2157,29,6078.99,6075.44,0.999416,30,5947.36,7693.61,1.29362,1.14652
2158,16,4224.93,5552.8,1.31429,16,4224.93,5032.36,1.19111,1.2527
2159,20,5736.58,5668.33,0.988103,19,5386.58,4093.87,0.760013,0.874058
2161,71,6320.51,5316.56,0.841161,69,6228.38,4609.88,0.740142,0.790651
2163,7,2450,1050,0.428571,6,2100,2100,1,0.714286
2164,19,5179.54,4164.77,0.804081,19,5179.54,3814.77,0.736507,0.770294
2165,16,5600,6300,1.125,16,5600,4200,0.75,0.9375
2166,37,12529.9,10489.9,0.837191,38,12879.9,8039.89,0.624221,0.730706
2167,22,5127.53,6637.36,1.29445,24,5219.66,6218.84,1.19143,1.24294
2168,14,2217.43,1900.02,0.856854,13,2072.77,2915.02,1.40634,1.1316
2169,50,8665.44,7584.97,0.875312,50,8665.44,6116.62,0.705864,0.790588
2170,50,10710.3,8544.95,0.797829,51,10716.1,8093.17,0.755234,0.776532
2172,67,9453.51,7420.95,0.784994,70,9604.87,7604.55,0.791739,0.788366
2173,57,10055,7705.96,0.766379,60,10441.6,8441.73,0.808468,0.787424
2174,3,191.48,71.6016,0.373938,2,132.698,122.193,0.920836,0.647387
2175,39,3481.43,3023.27,0.868398,34,3118.26,2871.1,0.920737,0.894568
2176,38,7545.62,6703.41,0.888385,41,7780.85,7993.89,1.02738,0.957883
2177,37,4487.45,2892.46,0.644567,34,3992.14,2351.03,0.588914,0.616741
2178,91,12316.4,13736.2,1.11528,92,12403.1,14543.7,1.17259,1.14393
2180,8,2382.48,3680.09,1.54465,8,2382.48,2993.47,1.25645,1.40055
2182,30,6367.79,6553.8,1.02921,29,6017.79,6279.99,1.04357,1.03639
2184,16,4504.45,4135.41,0.918071,15,4230.65,4804.31,1.1356,1.02683
2185,37,7408.34,7319.7,0.988036,38,7520.92,7126.39,0.947542,0.967789
2186,28,5617.91,7591.85,1.35137,24,4881.5,5720.04,1.17178,1.26157
2188,28,7329.77,6896.51,0.94089,28,7329.77,8530.54,1.16382,1.05236
2192,33,10473.5,6190.29,0.591045,33,10473.5,4466.06,0.426416,0.50873
2194,33,6767.92,6993.39,1.03331,30,6358.58,6416.74,1.00915,1.02123
2195,61,9583.7,9294.91,0.969866,61,9583.7,7943.04,0.828807,0.899337
2197,8,2800,1400,0.5,8,2800,1050,0.375,0.4375
2198,42,10433.9,8406.86,0.805723,42,10433.9,8454.09,0.81025,0.807987
2199,31,2072.91,1640,0.791161,31,2072.91,2245.81,1.08341,0.937286
2200,39,6138.69,2988.19,0.48678,38,5788.69,2947.47,0.509176,0.497978
2201,43,6492.96,6018.3,0.926897,44,6507.43,5298.79,0.814268,0.870583
2204,9,45,20,0.444444,9,45,25,0.555556,0.5
2206,3,468.63,59.3148,0.126571,3,468.63,177.945,0.379712,0.253142
2207,52,8285.9,11998.6,1.44808,50,7933.56,10326.8,1.30166,1.37487
2208,5,1271.94,1382.91,1.08724,7,1387.91,1493.87,1.07635,1.0818
2209,54,5588.23,8459.2,1.51375,53,5717.58,7821.63,1.36799,1.44087
2210,56,8935.71,9241.13,1.03418,57,9285.71,9865.54,1.06244,1.04831
2211,17,3881.22,4261.47,1.09797,15,3101.49,3202.85,1.03268,1.06533
2214,84,18143.8,12958,0.714185,84,18143.8,13218.5,0.72854,0.721362
2216,1,89.9044,89.9044,1,1,89.9044,89.9044,1,1
2217,13,2752.41,2076.45,0.75441,14,3096.75,2076.45,0.670524,0.712467
2218,13,4441.62,2734.97,0.61576,13,4441.62,2734.97,0.61576,0.61576
2220,8,2800,3150,1.125,8,2800,3150,1.125,1.125
2221,55,18910.5,12080.3,0.638811,55,18910.5,12080.3,0.638811,0.638811
2223,25,8158.89,4827.78,0.59172,25,8158.89,5527.78,0.677516,0.634618
2224,8,2800,2450,0.875,8,2800,1050,0.375,0.625
2225,6,2100,1400,0.666667,6,2100,1400,0.666667,0.666667
2226,27,9110.54,8173.69,0.897169,27,9110.54,7473.69,0.820335,0.858752
2227,16,5048.07,4348.07,0.861333,16,5048.07,4698.07,0.930667,0.896
2228,12,2857.61,2157.61,0.75504,12,2857.61,2157.61,0.75504,0.75504
2229,11,3850,2450,0.636364,11,3850,1050,0.272727,0.454545
2231,19,6650,5600,0.842105,19,6650,5600,0.842105,0.842105
2232,45,15750,12600,0.8,45,15750,10500,0.666667,0.733333
2233,13,4550,1400,0.307692,13,4550,3500,0.769231,0.538462
2236,42,12603.5,11853,0.940453,42,12603.5,12152.5,0.964217,0.952335
2240,67,17298.9,9784.07,0.565589,67,17298.9,10366,0.59923,0.58241
2241,11,3850,1750,0.454545,11,3850,1750,0.454545,0.454545
2242,18,6300,3850,0.611111,18,6300,3850,0.611111,0.611111
2243,19,6650,3500,0.526316,19,6650,3500,0.526316,0.526316
2245,33,11550,13300,1.15152,33,11550,12600,1.09091,1.12121
2247,51,13893.9,11087.6,0.798017,51,13893.9,9687.57,0.697254,0.747635
2248,45,14548.4,12098.4,0.831596,45,14548.4,11048.4,0.759423,0.79551
2250,76,24888.6,17632,0.708439,76,24888.6,16582,0.666251,0.687345
2251,1,350,0,0,1,350,0,0,0
2253,1,211.146,0,0,1,211.146,0,0,0
2259,73,23344.1,26900.6,1.15235,73,23375.3,23352.3,0.999015,1.07568
2260,44,14997.1,18080,1.20556,44,14997.1,15347.1,1.02334,1.11445
2261,32,11200,14700,1.3125,27,9450,11900,1.25926,1.28588
2262,9,3150,2450,0.777778,12,4200,4550,1.08333,0.930556
2264,29,8615.24,10297.9,1.19531,28,8265.24,7847.86,0.949502,1.0724
2265,39,11492.7,10348.8,0.900468,38,10990.7,9968.82,0.907023,0.903745
2266,18,6056.68,11306.7,1.86681,17,5755.34,10354,1.79903,1.83292
2267,8,2800,4550,1.625,8,2800,3150,1.125,1.375
2270,27,9206.68,9605.34,1.0433,28,9556.68,9255.34,0.968469,1.00589
2271,20,7000,4550,0.65,20,7000,5950,0.85,0.75
2272,17,5706.68,8156.68,1.42932,18,6056.68,9906.68,1.63566,1.53249
2276,8,2800,2800,1,8,2800,2450,0.875,0.9375
2279,7,2105.68,3442.49,1.63486,6,1824.54,2036.81,1.11634,1.3756
2280,5,1750,1400,0.8,5,1750,2800,1.6,1.2
2282,46,13068.4,12814.7,0.980587,46,13068.4,12353,0.945255,0.962921
2283,18,3991.21,5488.87,1.37524,19,4341.21,5300.85,1.22105,1.29814
2284,48,15268.4,17552,1.14956,47,14668.1,17285.3,1.17842,1.16399
2285,22,6660.5,9291.29,1.39498,20,6065.09,8090.34,1.33392,1.36445
2286,9,3138.81,700,0.223015,9,3138.81,1392.54,0.443652,0.333333
2287,68,18620.9,16158.1,0.867741,67,17968.2,13513.6,0.752087,0.809914
2288,73,20075.2,15013,0.747837,67,18713,14197.2,0.758682,0.75326
2289,48,14078.1,15019,1.06684,46,13378.1,17674.3,1.32113,1.19398
2290,83,19766.2,17405.7,0.88058,79,19360.8,17649.7,0.911625,0.896102
2291,43,3657.24,3459.54,0.945943,43,3587.64,2777.77,0.774262,0.860102
2292,10,823.295,794.387,0.964887,11,947.031,738.41,0.77971,0.872299
2293,61,10463.7,5138.42,0.491073,60,10383.7,5798.38,0.558412,0.524743
2294,18,3584.74,3544.77,0.988849,18,3584.74,2593.39,0.723453,0.856151
2295,16,2048.88,1677.52,0.818749,16,1987.48,1616.39,0.813285,0.816017
2298,26,1229.55,1118.3,0.909517,26,1229.55,1363.82,1.1092,1.00936
2299,21,3101.65,2939.08,0.947588,23,3284.57,4452.58,1.3556,1.1516
2301,17,4486.01,1555.05,0.346644,16,4291.05,2605.05,0.607089,0.476867
2302,60,8221.91,9478.98,1.15289,58,8007.98,8667.24,1.08233,1.11761
2303,36,6268.32,5509.35,0.878919,37,6463.28,3582.68,0.554313,0.716616
2304,21,1660.56,1427.37,0.859572,21,1660.56,1128.3,0.67947,0.769521
2306,30,1033.01,1065.78,1.03172,29,1020.02,1140.14,1.11776,1.07474
2309,64,9487.46,9839.35,1.03709,66,9712.04,11034.5,1.13617,1.08663
2310,21,4202.56,4017.75,0.956024,21,4202.56,5079.8,1.20874,1.08238
2311,82,8046.72,6504.59,0.808352,80,7836.65,7016.27,0.895315,0.851834
2329,41,7985.99,6667.8,0.834938,41,7985.99,6419.77,0.803879,0.819409
2331,42,8542.63,12945.9,1.51545,42,8542.63,9308.52,1.08966,1.30255
2332,22,1962,2365.93,1.20588,22,1617,1383.96,0.855879,1.03088
2475,1,44.9387,0,0,1,44.9387,0,0,0
2544,1,307.47,0,0,1,307.47,0,0,0
2567,1,329.069,0,0,1,329.069,0,0,0
