TAZ_2636,TAZ_1250,SZ,GS,trips_per_person,population
22,100010,,,0.088,292
75,100038,,,0.0,350
195,100087,,,3.0,72
219,100099,,,0.0,144
460,100223,,,0.0,1642
626,100294,,,0.0,2
723,100341,,,1.0,175
772,100367,,,0.0,37
934,100450,,,0.0,249
970,100468,,,0.0,225
1006,100485,,,0.0,107
1075,100514,,,0.0,175
1078,100515,,,0.0,175
1174,100548,,,0.5,67
1245,100572,,,0.0,175
1253,100575,,,0.0,175
1273,100581,,,0.0,93
1587,100679,,,0.0,115
1633,100663,,,0.0,39
1667,100690,15,10,0.771,3006
1668,100691,15,10,0.789,4793
1669,100690,15,10,0.843,5870
1670,100691,15,10,1.105,3948
1671,100692,15,10,0.755,4029
1681,100699,13,10,0.603,4645
1682,100700,13,10,0.872,2742
1684,100702,13,10,0.0,774
1685,100703,13,10,0.0,5
1686,100704,14,10,0.751,1153
1687,100705,14,10,0.942,4919
1688,100706,14,10,0.583,1788
1689,100707,14,10,1.157,2593
1690,100708,14,10,0.946,6226
1691,100709,16,10,0.65,3212
1692,100710,14,10,0.977,8477
1693,100711,14,10,0.606,2734
1694,100711,14,10,1.535,4339
1695,100708,14,10,0.653,4815
1697,100713,17,10,0.781,6307
1698,100714,17,10,0.506,2771
1699,100719,17,10,1.037,3669
1700,100714,17,10,0.833,7669
1701,100716,17,10,0.871,3940
1702,100716,17,10,1.14,5122
1703,100717,17,10,1.308,4468
1704,100718,17,10,3.0,203
1705,100718,17,10,0.374,2223
1706,100719,17,10,0.403,474
1707,100720,17,10,0.951,2667
1708,100721,17,10,0.993,2563
1709,100722,17,10,1.072,9975
1710,100721,17,10,0.895,1871
1713,100721,17,10,0.947,2971
1714,100721,17,10,1.144,447
1715,100725,16,10,1.101,2240
1716,100726,16,10,0.63,4163
1717,100726,16,10,1.008,3019
1718,100725,16,10,0.867,1294
1719,100727,16,10,0.925,6812
1720,100730,16,10,0.919,2346
1721,100728,16,10,1.184,5501
1722,100728,16,10,0.728,3492
1723,100729,16,10,0.817,4167
1724,100729,16,10,1.306,2650
1725,100730,16,10,0.579,2382
1726,100731,16,10,0.852,13479
1727,100732,16,10,0.814,3388
1728,100737,16,10,0.596,1957
1729,100737,16,10,0.708,4777
1730,100733,16,10,1.291,4145
1731,100724,17,10,1.118,3744
1732,100733,16,10,1.006,4525
1733,100739,16,10,0.78,2850
1734,100736,16,10,0.567,2419
1735,100736,16,10,0.794,2823
1736,100734,16,10,0.155,2732
1738,100736,16,10,1.016,596
1739,100738,16,10,0.652,2844
1742,100738,16,10,1.514,4402
1751,100743,18,10,0.712,2681
1752,100744,18,10,0.745,3708
1753,100746,18,10,1.225,6895
1754,100745,18,10,0.937,1202
1757,100746,18,10,0.66,8218
1760,100749,18,10,0.973,1345
1763,100749,18,10,2.962,370
1764,100751,24,10,1.368,5564
1765,100750,24,10,0.722,5529
1766,100751,24,10,1.185,3421
1767,100752,24,10,0.82,6300
1768,100752,24,10,0.449,3262
1775,100757,8,10,0.868,1532
1776,100757,8,10,1.403,4774
1777,100758,8,10,0.86,5094
1778,100758,8,10,0.741,4366
1779,100759,8,10,0.75,3713
1780,100759,8,10,0.83,4269
1781,100759,8,10,0.673,4388
1782,100760,8,10,1.232,2608
1783,100760,8,10,0.828,6015
1784,100761,5,10,0.926,8773
1785,100762,5,10,0.602,4331
1786,100763,5,10,0.493,3413
1787,100763,5,10,0.385,3052
1788,100765,5,10,0.839,4566
1789,100764,5,10,0.831,4586
1790,100763,5,10,0.658,6574
1791,100765,5,10,0.699,1932
1792,100766,5,10,0.642,3504
1794,100761,5,10,0.717,6314
1795,100767,6,10,0.714,4999
1796,100767,6,10,0.999,5843
1797,100767,6,10,1.333,1050
1798,100768,6,10,0.834,13966
1799,100769,6,10,0.956,11775
1802,100772,7,10,0.737,3698
1803,100773,7,10,1.198,5340
1804,100774,7,10,0.752,4284
1805,100778,7,10,0.845,17468
1806,100775,7,10,0.944,5299
1808,100777,7,10,1.003,3544
1809,100774,7,10,0.0,262
1810,100778,7,10,1.0,449
1811,100775,7,10,0.895,686
1820,100784,9,10,0.79,4077
1821,100785,9,10,0.713,4396
1822,100786,9,10,1.335,3578
1824,100788,9,10,1.125,382
1825,100789,9,10,0.934,8725
1830,100791,,,0.0,64
1833,100794,9,10,1.441,4635
1834,100795,9,10,0.543,4718
1835,100796,9,10,1.032,9216
1836,100797,9,10,0.992,4895
1837,100795,9,10,1.101,3781
1838,100797,9,10,1.444,5046
1842,100796,9,10,1.086,6875
1845,100803,24,27,0.977,9546
1847,100804,23,26,0.79,9252
1848,100805,23,26,0.76,3579
1849,100805,23,26,0.746,3880
1850,100805,23,26,0.76,5642
1851,100805,23,26,0.732,3920
1852,100804,23,26,0.846,5442
1853,100806,24,27,1.042,4200
1855,100808,24,27,1.316,3325
1858,100810,24,27,0.472,10799
1860,100808,24,27,0.0,48
1861,100811,24,38,0.981,4502
1862,100811,24,38,0.638,2052
1863,100811,24,38,0.676,5925
1865,100812,25,38,0.908,4365
1866,100812,25,38,1.316,1837
1867,100813,25,38,1.391,11678
1868,100814,25,38,0.971,7314
1871,100818,22,25,1.058,3091
1872,100816,22,25,1.029,4631
1873,100817,22,25,1.051,8411
1874,100817,22,25,1.336,3013
1875,100819,22,25,0.898,2597
1876,100819,22,25,0.706,4358
1877,100820,22,25,0.963,3944
1879,100822,11,24,1.217,8888
1881,100824,11,24,0.913,5280
1882,100822,11,24,0.778,5753
1887,100827,11,24,0.838,7525
1888,100828,22,24,0.905,4228
1889,100828,22,24,0.505,1726
1890,100829,22,24,1.076,6206
1891,100829,22,24,1.647,4021
1892,100828,22,24,0.836,13384
1894,100831,22,25,0.951,2489
1895,100832,22,24,0.484,12852
1896,100833,22,25,1.128,6545
1897,100834,22,25,1.117,3683
1898,100835,21,35,0.637,14307
1899,100836,21,35,0.908,2472
1901,100838,21,36,1.037,4050
1902,100839,21,36,1.143,10795
1904,100841,21,36,0.988,4008
1905,100843,21,36,0.792,9880
1906,100842,21,36,0.693,5556
1907,100842,21,36,0.99,4011
1908,100843,21,36,0.747,3514
1910,100845,19,35,0.239,8050
1911,100845,19,35,0.521,8400
1912,100845,19,35,0.412,5950
1913,100847,19,35,0.424,16757
1914,100846,19,35,0.452,7350
1916,100847,19,35,0.6,12180
1917,100848,19,35,0.5,7700
1918,100848,19,35,0.255,10983
1920,100849,19,35,0.542,4419
1921,100849,19,35,0.25,4200
1922,100850,19,35,0.723,4116
1923,100851,19,36,0.71,9100
1924,100851,19,36,0.381,7350
1925,100851,19,36,0.8,1750
1926,100852,20,36,1.094,3036
1927,100852,20,36,0.775,5591
1928,100853,20,36,0.744,6316
1929,100853,20,36,0.652,4507
1930,100854,20,36,0.614,6569
1931,100854,20,36,0.988,5501
1932,100854,20,36,0.793,4154
1933,100854,20,36,0.642,4418
1935,100856,20,36,0.633,1882
1937,100857,19,35,0.75,4900
1938,100857,19,35,0.389,3150
1941,100857,19,35,0.5,350
1942,100859,19,35,0.737,2629
1943,100859,19,35,0.417,2975
1944,100859,19,35,0.615,4550
1945,100860,19,35,0.685,6257
1947,100860,19,35,0.838,14101
1948,100862,19,35,0.93,10284
1949,100863,19,35,0.632,30168
1950,100865,4,23,0.575,8620
1951,100864,4,23,0.889,4469
1952,100864,4,23,0.329,6780
1953,100864,4,23,0.562,4004
1954,100865,4,23,0.759,4530
1955,100865,4,23,1.0,124
1956,100864,4,23,0.709,6563
1957,100865,4,23,0.648,9450
1959,100867,4,23,0.701,6637
1961,100867,4,23,0.438,3363
1962,100867,4,23,0.498,5157
1963,100868,4,23,0.523,8378
1964,100868,4,23,0.652,6270
1965,100869,4,23,0.674,7515
1966,100870,4,23,0.685,6448
1967,100870,4,23,0.631,7217
1968,100870,4,23,0.79,4363
1969,100870,4,23,0.897,3126
1970,100870,4,23,0.61,17649
1975,100872,2,21,0.701,2233
1977,100873,2,21,1.527,1072
1981,100875,2,21,0.614,4974
1982,100875,2,21,0.577,3022
1983,100875,2,21,0.584,4098
1984,100876,2,21,0.756,3109
1985,100876,2,21,0.502,6534
1986,100877,2,21,0.793,545
1987,100878,2,21,0.86,4040
1988,100879,2,21,0.0,427
1992,100881,1,31,0.787,7172
1993,100882,1,31,0.651,8353
1994,100883,1,31,1.448,5974
1995,100884,1,31,0.867,7440
1996,100884,1,31,0.867,8864
1997,100884,1,31,0.869,4819
1998,100885,1,31,0.675,4809
1999,100885,1,31,0.867,11696
2001,100887,1,31,1.213,775
2004,100890,1,31,0.957,5259
2008,100894,34,41,0.535,3169
2009,100894,34,41,0.886,9151
2010,100893,34,41,0.98,3726
2012,100896,34,41,0.775,5070
2014,100897,1,31,0.477,3888
2016,100898,2,22,0.558,7236
2017,100898,2,22,0.854,10373
2018,100899,2,22,0.667,2100
2019,100899,2,22,0.373,1376
2020,100900,2,22,0.597,5828
2021,100900,2,22,0.815,4984
2023,100901,2,22,0.797,6474
2024,100901,2,22,0.745,6546
2027,100903,2,22,0.558,5267
2028,100903,2,22,1.049,6712
2029,100903,2,22,0.858,7840
2031,100904,2,22,0.835,7951
2032,100904,2,22,0.896,6628
2033,100905,34,41,0.655,6657
2036,100908,34,41,0.557,8156
2038,100910,34,41,1.227,5818
2040,100910,34,41,1.124,7192
2041,100911,34,41,1.184,5682
2042,100911,34,41,0.933,1673
2043,100912,34,41,0.335,634
2045,100914,34,41,0.84,3821
2046,100915,34,41,0.809,8344
2047,100916,34,41,0.489,6363
2048,100917,36,47,0.57,1984
2049,100918,34,41,0.969,4954
2050,100918,34,41,0.995,4287
2051,100918,34,41,0.799,3185
2052,100919,34,42,0.686,1285
2053,100920,3,32,0.791,11432
2054,100921,3,32,0.683,7529
2055,100922,3,32,0.852,4765
2056,100922,3,32,0.847,2118
2057,100922,3,32,0.316,5701
2060,100924,3,32,0.078,1394
2061,100925,3,32,0.863,14849
2062,100925,3,32,0.578,11286
2065,100928,3,33,0.995,6517
2066,100929,3,32,0.84,6761
2067,100929,3,32,0.685,5263
2068,100930,3,33,1.082,5812
2070,100931,3,33,1.457,4359
2071,100931,3,33,0.4,139
2072,100931,3,33,0.926,3644
2073,100931,3,33,1.044,3135
2074,100932,3,33,0.296,4396
2075,100932,3,33,1.029,3071
2076,100932,3,33,0.923,6341
2077,100932,3,33,1.319,1500
2078,100933,3,33,1.3,1160
2079,100933,3,33,1.0,102
2080,100934,3,33,1.055,3581
2081,100934,3,33,0.643,1910
2085,100936,3,33,0.473,13367
2086,100931,3,33,0.31,671
2087,100937,3,33,0.625,900
2088,100938,10,35,0.724,13103
2089,100939,10,35,0.456,1034
2090,100940,10,35,0.531,8140
2091,100940,10,35,0.689,2813
2092,100941,10,35,1.004,1254
2093,100940,10,35,0.647,8805
2096,100944,19,35,0.739,15400
2098,100946,3,33,0.733,5138
2099,100947,30,34,0.979,6433
2100,100948,30,34,1.136,5043
2101,100948,30,34,0.457,3687
2102,100948,30,34,0.667,4200
2103,100948,30,34,0.378,2684
2104,100948,30,34,0.681,6961
2105,100947,30,34,0.726,4054
2106,100949,30,34,0.544,5622
2107,100949,30,34,0.623,9235
2108,100949,30,34,0.703,3028
2109,100949,30,34,0.669,6132
2110,100950,30,34,0.707,13208
2111,100951,35,45,1.012,2592
2112,100952,35,45,0.0,31
2113,100953,35,45,0.588,9921
2114,100953,35,45,0.533,4445
2115,100954,35,45,0.823,8071
2116,100952,35,45,0.6,5338
2117,100955,33,42,0.752,5775
2118,100956,33,42,1.167,2100
2119,100957,33,42,0.962,4025
2120,100957,33,42,0.833,1050
2121,100957,33,42,0.772,8953
2122,100965,33,42,1.091,11337
2123,100958,33,42,0.607,4900
2124,100959,33,42,0.724,5075
2126,100960,33,42,1.0,1050
2128,100962,33,42,0.532,3675
2130,100964,33,42,0.711,11784
2132,100964,33,42,0.5,700
2136,100969,32,43,0.829,9199
2138,100971,32,43,1.193,8572
2139,100971,32,43,0.797,7438
2140,100972,32,43,0.578,3457
2141,100972,32,43,1.435,4659
2144,100974,32,43,1.373,12175
2146,100974,32,43,1.028,4037
2147,100975,32,43,0.85,3495
2149,100976,32,43,0.862,11759
2152,100978,31,44,0.789,11747
2154,100979,31,44,0.475,16336
2155,100979,31,44,0.673,8115
2156,100980,31,44,2.0,106
2157,100981,31,44,1.147,6013
2158,100982,31,44,1.253,4225
2159,100983,31,44,0.874,5562
2161,100985,35,45,0.791,6274
2163,100987,19,35,0.714,2275
2164,100987,19,35,0.77,5180
2165,100987,19,35,0.938,5600
2166,100860,19,35,0.731,12705
2167,100988,35,45,1.243,5174
2168,100988,35,45,1.132,2145
2169,100992,35,45,0.791,8665
2170,100989,35,45,0.777,10713
2172,100990,35,45,0.788,9529
2173,100990,35,45,0.787,10248
2174,100991,35,45,0.647,162
2175,100992,35,45,0.895,3300
2176,100992,35,45,0.958,7663
2177,100989,35,45,0.617,4240
2178,100993,35,45,1.144,12360
2180,100994,35,45,1.401,2382
2182,100996,37,46,1.036,6193
2184,100996,37,46,1.027,4368
2185,100996,37,46,0.968,7465
2186,100996,37,46,1.262,5250
2188,100998,37,46,1.052,7330
2192,101001,36,47,0.509,10473
2194,101002,35,45,1.021,6563
2195,101002,35,45,0.899,9584
2197,101004,36,47,0.438,2800
2198,101005,36,47,0.808,10434
2199,101006,36,47,0.937,2073
2200,101007,36,47,0.498,5964
2201,101007,36,47,0.871,6500
2204,101009,36,47,0.5,45
2206,101011,21,36,0.253,469
2207,101012,36,47,1.375,8110
2208,101013,,,1.082,1330
2209,101014,36,47,1.441,5653
2210,101014,36,47,1.048,9111
2211,101014,36,47,1.065,3491
2214,101016,36,47,0.721,18144
2216,101017,22,37,1.0,90
2217,100817,22,25,0.712,2925
2218,101018,38,48,0.616,4442
2220,101020,38,48,1.125,2800
2221,101021,38,48,0.639,18911
2223,101022,38,48,0.635,8159
2224,101022,38,48,0.625,2800
2225,101023,38,48,0.667,2100
2226,101023,38,48,0.859,9111
2227,101024,38,48,0.896,5048
2228,101025,38,48,0.755,2858
2229,101025,38,48,0.455,3850
2231,101026,38,48,0.842,6650
2232,101026,38,48,0.733,15750
2233,101026,38,48,0.538,4550
2236,101030,38,49,0.952,12603
2240,101026,38,48,0.582,17299
2241,101029,38,48,0.455,3850
2242,101029,38,48,0.611,6300
2243,101029,38,48,0.526,6650
2245,101030,38,49,1.121,11550
2247,101031,38,48,0.748,13894
2248,101032,40,48,0.796,14548
2250,101032,40,48,0.687,24889
2251,101033,40,48,0.0,350
2253,101034,40,49,0.0,211
2259,101040,39,49,1.076,23360
2260,101041,39,49,1.114,14997
2261,101041,39,49,1.286,10325
2262,101042,39,49,0.931,3675
2264,101043,39,49,1.072,8440
2265,101044,39,49,0.904,11242
2266,101044,39,49,1.833,5906
2267,101044,39,49,1.375,2800
2270,101045,39,49,1.006,9382
2271,101046,39,49,0.75,7000
2272,101046,39,49,1.532,5882
2276,101048,39,49,0.938,2800
2279,101050,40,49,1.376,1965
2280,101051,40,49,1.2,1750
2282,101053,40,49,0.963,13068
2283,101053,40,49,1.298,4166
2284,101055,40,49,1.164,14968
2285,101054,40,49,1.364,6363
2286,101054,40,49,0.333,3139
2287,101054,40,49,0.81,18295
2288,101055,40,49,0.753,19394
2289,101056,40,49,1.194,13728
2290,101056,40,49,0.896,19563
2291,101057,15,10,0.86,3622
2292,101058,15,10,0.872,885
2293,101059,15,10,0.525,10424
2294,101059,15,10,0.856,3585
2295,101059,15,10,0.816,2018
2298,101062,23,27,1.009,1230
2299,101063,2,21,1.152,3193
2301,101064,2,21,0.477,4389
2302,101064,2,21,1.118,8115
2303,101064,2,21,0.717,6366
2304,101065,2,21,0.77,1661
2306,101066,2,21,1.075,1027
2309,101068,,,1.087,9600
2310,101069,1,31,1.082,4203
2311,101069,1,31,0.852,7942
2329,101081,36,47,0.819,7986
2331,101083,36,47,1.303,8543
2332,101012,36,47,1.031,1790
2475,101152,,,0.0,45
2544,101184,,,0.0,307
2567,101199,,,0.0,329
